Symbol,Name,Sector,Price,Dividend Yield,Price/Earnings,Earnings/Share,Book Value,52 week low,52 week high,Market Cap,EBITDA,Price/Sales,Price/Book,SEC Filings
AAPL,Apple,Information Technology,113.63,1.83,13.14,8.65,22.03,92,134.54,648,77.88,2.93,5.23,http://www.sec.gov/cgi-bin/browse-edgar?action=getcompany&CIK=AAPL
GOOGL,Google,Information Technology,652.92,,30.76,21.22,163.07,490.91,713.33,447.6,22.62,6.57,4.09,http://www.sec.gov/cgi-bin/browse-edgar?action=getcompany&CIK=GOOGL
MSFT,Microsoft Corp,Information Technology,43.41,3.31,29.33,1.48,9.98,39.72,50.05,347.19,33.57,3.77,4.42,http://www.sec.gov/cgi-bin/browse-edgar?action=getcompany&CIK=MSFT
XOM,Exxon Mobil,Energy,72.7,4.02,12.94,5.62,41.41,66.55,97.2,303.12,43.51,1.02,1.77,http://www.sec.gov/cgi-bin/browse-edgar?action=getcompany&CIK=XOM
FB,Facebook Cl,Information Technology,93.08,,94.59,0.98,14.09,70.32,99.24,262.26,6.38,18.39,6.78,http://www.sec.gov/cgi-bin/browse-edgar?action=getcompany&CIK=FB
WFC,Wells Fargo,Financials,50.63,2.94,12.32,4.11,32.99,46.44,58.77,259.9,0,3.17,1.56,http://www.sec.gov/cgi-bin/browse-edgar?action=getcompany&CIK=WFC
JNJ,Johnson & Johnson,Health Care,92.1847,3.21,16.244,5.675,25.689,81.79,109.49,255.27,23.5,3.5876,3.6253,http://www.sec.gov/cgi-bin/browse-edgar?action=getcompany&CIK=JNJ
AMZN,Amazon.com,Consumer Discretionary,536.42,,,-0.41,25.15,284,580.57,250.89,5.73,2.68,21.81,http://www.sec.gov/cgi-bin/browse-edgar?action=getcompany&CIK=AMZN
GE,Genl Electric,Industrials,24.7101,3.71,,-0.623,10.846,19.37,28.68,249.48,28.12,1.723,2.3133,http://www.sec.gov/cgi-bin/browse-edgar?action=getcompany&CIK=GE
JPM,JPMorgan Chase & Co,Financials,60.56,2.89,10.94,5.54,58.49,50.07,70.61,223.93,0,2.51,1.05,http://www.sec.gov/cgi-bin/browse-edgar?action=getcompany&CIK=JPM
WMT,Wal-Mart Stores,Consumer Staples,63.005,3.09,13.151,4.791,24.532,61.5,90.97,201.99,35.27,0.421,2.597,http://www.sec.gov/cgi-bin/browse-edgar?action=getcompany&CIK=WMT
T,AT&T,Telecommunication Services,32.24,5.78,31.86,1.01,16.73,30.97,36.45,198.31,30.38,1.51,1.95,http://www.sec.gov/cgi-bin/browse-edgar?action=getcompany&CIK=T
PFE,Pfizer,Health Care,32.01,3.41,22.72,1.41,10.84,27.51,36.46,197.42,19.61,4.15,2.99,http://www.sec.gov/cgi-bin/browse-edgar?action=getcompany&CIK=PFE
PG,Procter & Gamble,Consumer Staples,70.29,3.79,28.81,2.44,22.6,65.02,93.89,190.67,18.01,2.51,3.13,http://www.sec.gov/cgi-bin/browse-edgar?action=getcompany&CIK=PG
VZ,Verizon Communications,Telecommunication Services,44.215,5.07,18.415,2.401,2.808,38.06,51.73,179.76,36.74,1.412,15.954,http://www.sec.gov/cgi-bin/browse-edgar?action=getcompany&CIK=VZ
DIS,Walt Disney Co,Consumer Discretionary,101.87,1.28,21.21,4.8,29.07,78.54,122.08,171.94,14.81,3.4,3.56,http://www.sec.gov/cgi-bin/browse-edgar?action=getcompany&CIK=DIS
V,Visa,Information Technology,69.72,0.7,28.86,2.42,11.78,48.8,76.92,169.6,9.08,12.72,6.01,http://www.sec.gov/cgi-bin/browse-edgar?action=getcompany&CIK=V
KO,Coca-Cola Co,Consumer Staples,38.6799,3.39,22.6463,1.708,6.534,36.56,45,168.26,12.7,3.7291,5.9979,http://www.sec.gov/cgi-bin/browse-edgar?action=getcompany&CIK=KO
BAC,Bank of America,Financials,15.495,1.29,16.191,0.957,21.905,14.6,18.48,162.95,0,2.042,0.717,http://www.sec.gov/cgi-bin/browse-edgar?action=getcompany&CIK=BAC
ORCL,Oracle Corp,Information Technology,36.195,1.65,16.969,2.133,10.999,35.14,46.71,154.51,15.79,4.129,3.348,http://www.sec.gov/cgi-bin/browse-edgar?action=getcompany&CIK=ORCL
GILD,Gilead Sciences,Health Care,103.81,1.59,10.96,9.48,11.06,85.95,123.37,152.35,20.32,5.32,9.56,http://www.sec.gov/cgi-bin/browse-edgar?action=getcompany&CIK=GILD
C,Citigroup,Financials,50.045,0.4,12.657,3.954,68.267,46.6,60.95,150.63,0,2.189,0.743,http://www.sec.gov/cgi-bin/browse-edgar?action=getcompany&CIK=C
HD,Home Depot,Consumer Discretionary,115.42,2.05,22.51,5.13,6.73,86.35,123.8,148.21,12.69,1.75,17.33,http://www.sec.gov/cgi-bin/browse-edgar?action=getcompany&CIK=HD
CVX,Chevron Corp,Energy,76.88,5.51,11.87,6.48,82.19,69.58,123.98,144.67,26.34,0.95,0.95,http://www.sec.gov/cgi-bin/browse-edgar?action=getcompany&CIK=CVX
CMCSA,Comcast Corp,Consumer Discretionary,57.31,1.74,16.94,3.38,21.02,49.33,64.99,142.84,24.16,2.03,2.75,http://www.sec.gov/cgi-bin/browse-edgar?action=getcompany&CIK=CMCSA
MRK,Merck & Co,Health Care,50.56,3.45,14.77,3.42,16.45,45.69,63.62,142.41,14.53,3.57,3.1,http://www.sec.gov/cgi-bin/browse-edgar?action=getcompany&CIK=MRK
IBM,International Bus. Machines,Information Technology,144.0399,3.6,12.6718,11.367,13.97,140.62,193.07,141.09,22.38,1.6509,10.4853,http://www.sec.gov/cgi-bin/browse-edgar?action=getcompany&CIK=IBM
INTC,Intel Corp,Information Technology,28.6501,3.31,12.1399,2.36,12.139,24.87,37.9,136.2,23.6,2.509,2.4022,http://www.sec.gov/cgi-bin/browse-edgar?action=getcompany&CIK=INTC
PEP,PepsiCo,Consumer Staples,92.28,3.02,21.34,4.32,11.19,76.48,100.76,135.56,12.19,2.11,8.37,http://www.sec.gov/cgi-bin/browse-edgar?action=getcompany&CIK=PEP
CSCO,Cisco Systems,Information Technology,25.005,3.29,14.289,1.75,11.74,22.49,30.31,126.56,13.39,2.629,2.175,http://www.sec.gov/cgi-bin/browse-edgar?action=getcompany&CIK=CSCO
PM,Philip Morris International,Consumer Staples,80.84,5.02,16.91,4.78,-8.49,75.27,90.25,125.24,12.5,4.46,,http://www.sec.gov/cgi-bin/browse-edgar?action=getcompany&CIK=PM
UNH,UnitedHealth Group,Health Care,123.44,1.63,19.64,6.29,34.69,80.72,126.21,117.71,12.29,0.86,3.57,http://www.sec.gov/cgi-bin/browse-edgar?action=getcompany&CIK=UNH
AGN,Allergan plc,Health Care,287,0.1,,-8.65,170.79,208.64,340.34,112.97,7.21,6.34,1.67,http://www.sec.gov/cgi-bin/browse-edgar?action=getcompany&CIK=AGN
CVS,CVS Health Corp,Consumer Staples,99.461,1.41,24.048,4.136,33.208,77.4,113.65,111.2,10.92,0.775,3.039,http://www.sec.gov/cgi-bin/browse-edgar?action=getcompany&CIK=CVS
AMGN,Amgen,Health Care,144.56,2.1,19.15,7.55,36.21,127.67,181.81,109.61,9.77,5.37,4.06,http://www.sec.gov/cgi-bin/browse-edgar?action=getcompany&CIK=AMGN
MO,Altria Group,Consumer Staples,54.01,4.18,20.89,2.59,1.42,44.59,56.7,105.97,8.52,5.81,38.69,http://www.sec.gov/cgi-bin/browse-edgar?action=getcompany&CIK=MO
BMY,Bristol-Myers Squibb,Health Care,62.25,2.3,58.12,1.07,9.07,47.55,70.54,103.8,4.63,6.38,6.92,http://www.sec.gov/cgi-bin/browse-edgar?action=getcompany&CIK=BMY
MA,MasterCard,Information Technology,91.61,0.69,28.1,3.26,5.65,69.64,99.18,103.71,5.45,11.03,16.48,http://www.sec.gov/cgi-bin/browse-edgar?action=getcompany&CIK=MA
MDT,Medtronic Plc,Health Care,69.65,2.16,32.34,2.15,37.36,55.54,79.5,98.46,7.02,4.29,1.88,http://www.sec.gov/cgi-bin/browse-edgar?action=getcompany&CIK=MDT
NKE,NIKE,Consumer Discretionary,114.8299,0.97,31.0351,3.7,14.827,79.27,117.72,98.22,4.82,3.2581,7.8613,http://www.sec.gov/cgi-bin/browse-edgar?action=getcompany&CIK=NKE
ABBV,AbbVie,Health Care,57.67,3.33,44.84,1.29,3.33,52.06,71.6,95.46,7.83,4.68,17.86,http://www.sec.gov/cgi-bin/browse-edgar?action=getcompany&CIK=ABBV
WBA,Walgreens Boots Alliance,Consumer Staples,86.45,1.66,22.21,3.89,28.91,58.39,97.3,94.43,6.39,1.03,3.05,http://www.sec.gov/cgi-bin/browse-edgar?action=getcompany&CIK=WBA
LLY,Lilly (Eli),Health Care,86.85,2.26,45.02,1.93,13.82,60.58,92.85,92.21,4.96,4.74,6.34,http://www.sec.gov/cgi-bin/browse-edgar?action=getcompany&CIK=LLY
CELG,Celgene Corp,Health Care,115.62,,43.78,2.64,7.99,83.16,140.72,91.4,3.21,11.18,14.91,http://www.sec.gov/cgi-bin/browse-edgar?action=getcompany&CIK=CELG
MCD,McDonald's Corp,Consumer Discretionary,96.99,3.5,22.57,4.3,11.21,87.5,101.88,91.35,9.03,3.54,8.73,http://www.sec.gov/cgi-bin/browse-edgar?action=getcompany&CIK=MCD
SLB,Schlumberger Ltd,Energy,72.11,2.76,21.43,3.37,30,68.01,104.38,91.25,12.46,2.07,2.43,http://www.sec.gov/cgi-bin/browse-edgar?action=getcompany&CIK=SLB
BA,Boeing Co,Industrials,133.03,2.67,18.1,7.35,9.2,115.14,158.83,90.39,9.48,0.97,14.79,http://www.sec.gov/cgi-bin/browse-edgar?action=getcompany&CIK=BA
UPS,United Parcel Service,Industrials,98.5005,2.97,22.9658,4.289,2.174,93.64,114.4,88.27,8.29,1.533,45.8372,http://www.sec.gov/cgi-bin/browse-edgar?action=getcompany&CIK=UPS
MMM,3M Co,Industrials,137.92,2.94,18,7.66,20.96,130.6,170.5,86.16,8.52,2.81,6.68,http://www.sec.gov/cgi-bin/browse-edgar?action=getcompany&CIK=MMM
QCOM,QUALCOMM,Information Technology,54.04,3.53,14.79,3.65,21.04,52.59,78.53,84.91,9.1,3.22,2.58,http://www.sec.gov/cgi-bin/browse-edgar?action=getcompany&CIK=QCOM
SBUX,Starbucks Corp,Consumer Discretionary,57.13,1.13,32.19,1.77,3.93,35.38,59.32,84.79,4.13,4.63,14.65,http://www.sec.gov/cgi-bin/browse-edgar?action=getcompany&CIK=SBUX
GS,Goldman Sachs Group,Financials,178.6709,1.44,10.5804,16.887,169.333,171.26,218.77,80.67,0,2.3149,1.0828,http://www.sec.gov/cgi-bin/browse-edgar?action=getcompany&CIK=GS
UTX,United Technologies,Industrials,89.11,2.81,12.78,6.97,34.11,87.17,124.45,79.36,12.36,1.27,2.68,http://www.sec.gov/cgi-bin/browse-edgar?action=getcompany&CIK=UTX
AXP,American Express,Financials,75.1,1.53,13.2,5.69,21.84,71.71,94.89,75.2,0,2.42,3.51,http://www.sec.gov/cgi-bin/browse-edgar?action=getcompany&CIK=AXP
HON,Honeywell International,Industrials,95.56,2.11,17.13,5.58,23.61,82.89,107.41,74.71,7.11,1.94,4.14,http://www.sec.gov/cgi-bin/browse-edgar?action=getcompany&CIK=HON
UNP,Union Pacific,Industrials,85.84,2.51,14.75,5.82,24.14,79.31,124.52,74.48,10.59,3.28,3.66,http://www.sec.gov/cgi-bin/browse-edgar?action=getcompany&CIK=UNP
AIG,American International Group,Financials,57.03,1.94,11.22,5.08,79.74,48.56,64.93,73.79,17.6,1.19,0.73,http://www.sec.gov/cgi-bin/browse-edgar?action=getcompany&CIK=AIG
USB,U.S. Bancorp,Financials,40.8925,2.48,13.0647,3.13,22.513,38.1,46.26,72.01,0,4.0031,1.8443,http://www.sec.gov/cgi-bin/browse-edgar?action=getcompany&CIK=USB
BIIB,Biogen,Health Care,292.45,,19.81,14.76,53.46,265,480.18,68.78,5.24,6.79,5.56,http://www.sec.gov/cgi-bin/browse-edgar?action=getcompany&CIK=BIIB
MDLZ,Mondelez International,Consumer Staples,42.11,1.59,33.24,1.27,15.29,31.83,48.58,67.85,5.07,2.12,2.8,http://www.sec.gov/cgi-bin/browse-edgar?action=getcompany&CIK=MDLZ
KMI,Kinder Morgan,Energy,30.2899,6.45,42.9035,0.706,16.074,28.5,44.71,66.39,6.56,4.3933,1.9081,http://www.sec.gov/cgi-bin/browse-edgar?action=getcompany&CIK=KMI
PCLN,Priceline Group (The),Consumer Discretionary,1285.5,,28.63,44.91,167.37,990.69,1395,65.18,3.27,7.53,7.81,http://www.sec.gov/cgi-bin/browse-edgar?action=getcompany&CIK=PCLN
MS,Morgan Stanley,Financials,32.549,1.82,16.564,1.965,34.524,30.4,41.04,63.58,0,1.788,0.966,http://www.sec.gov/cgi-bin/browse-edgar?action=getcompany&CIK=MS
LOW,Lowe'sCompanies,Consumer Discretionary,68.57,1.64,23.28,2.95,9.36,49.85,76.25,63.44,6.71,1.12,7.44,http://www.sec.gov/cgi-bin/browse-edgar?action=getcompany&CIK=LOW
ABT,Abbott Laboratories,Health Care,42.2199,2.22,14.1868,2.976,15.437,39.28,51.74,62.93,4.64,3.1478,2.8049,http://www.sec.gov/cgi-bin/browse-edgar?action=getcompany&CIK=ABT
LMT,Lockheed Martin,Industrials,202.36,2.95,17.97,11.26,9.6,166.28,213.34,62.84,6.15,1.4,21.28,http://www.sec.gov/cgi-bin/browse-edgar?action=getcompany&CIK=LMT
COST,Costco Wholesale,Consumer Staples,141.144,1.13,27.039,5.22,24.075,117.03,156.85,62.03,4.66,0.543,5.948,http://www.sec.gov/cgi-bin/browse-edgar?action=getcompany&CIK=COST
RAI,Reynolds American,Consumer Staples,42.36,3.44,15.69,2.7,12.82,28.14,44.14,60.54,2.99,6.92,3.34,http://www.sec.gov/cgi-bin/browse-edgar?action=getcompany&CIK=RAI
ACN,Accenture Plc,Information Technology,96.24,2.09,20.51,4.69,9.47,73.98,105.37,60.07,4.9,1.99,10.4,http://www.sec.gov/cgi-bin/browse-edgar?action=getcompany&CIK=ACN
COP,ConocoPhillips,Energy,48.18,6.12,21.94,2.2,39.42,41.1,79.84,59.43,12.51,1.46,1.24,http://www.sec.gov/cgi-bin/browse-edgar?action=getcompany&CIK=COP
DHR,Danaher Corp,Industrials,85.38,0.63,23.49,3.63,35.26,70.12,92.92,58.36,4.6,2.91,2.45,http://www.sec.gov/cgi-bin/browse-edgar?action=getcompany&CIK=DHR
SPG,Simon Property Group,Financials,184.2,3.37,38.37,4.8,14.22,162.43,206.31,56.99,3.71,11.48,13.07,http://www.sec.gov/cgi-bin/browse-edgar?action=getcompany&CIK=SPG
TWX,Time Warner,Consumer Discretionary,68.97,2.01,16.24,4.25,29.41,66.82,91.34,56.25,7.87,2.01,2.37,http://www.sec.gov/cgi-bin/browse-edgar?action=getcompany&CIK=TWX
CL,Colgate-Palmolive,Consumer Staples,62.07,2.42,24.92,2.49,0.5,50.84,71.56,55.87,4.55,3.39,125.2,http://www.sec.gov/cgi-bin/browse-edgar?action=getcompany&CIK=CL
ESRX,Express Scripts Holding,Health Care,82.47,,27.19,3.03,23.42,68.06,94.61,55.73,6.82,0.55,3.57,http://www.sec.gov/cgi-bin/browse-edgar?action=getcompany&CIK=ESRX
F,Ford Motor,Consumer Discretionary,13.8099,4.2,14.9135,0.926,6.637,10.44,16.74,54.8,11.73,0.4003,2.1576,http://www.sec.gov/cgi-bin/browse-edgar?action=getcompany&CIK=F
TWC,Time Warner Cable,Consumer Discretionary,190.26,1.58,27.5,6.92,30.07,128.78,194.22,53.84,7.9,2.33,6.35,http://www.sec.gov/cgi-bin/browse-edgar?action=getcompany&CIK=TWC
REGN,Regeneron Pharmaceuticals,Health Care,522.025,,131.691,3.964,32.448,320.06,605.93,53.71,1.11,16.037,16.315,http://www.sec.gov/cgi-bin/browse-edgar?action=getcompany&CIK=REGN
FOXA,Twenty-First Century Fox,Consumer Discretionary,26.02,1.14,6.67,3.9,8.45,22.81,39.27,52.55,6.37,1.84,3.13,http://www.sec.gov/cgi-bin/browse-edgar?action=getcompany&CIK=FOXA
MET,MetLife,Financials,45.8368,3.22,7.7545,5.911,62.124,44.49,58.23,51.19,10.83,0.7207,0.7549,http://www.sec.gov/cgi-bin/browse-edgar?action=getcompany&CIK=MET
BLK,BlackRock,Financials,304.39,2.82,15.35,19.82,166.94,275,382.84,50.64,4.87,4.62,1.87,http://www.sec.gov/cgi-bin/browse-edgar?action=getcompany&CIK=BLK
DOW,Dow Chemical,Materials,43.15,3.88,12.26,3.52,16.93,35.11,53.8,49.97,8.57,0.94,2.6,http://www.sec.gov/cgi-bin/browse-edgar?action=getcompany&CIK=DOW
OXY,Occidental Petroleum,Energy,65.28,4.49,,-2.91,43.59,64.83,95.15,49.87,7.27,3.24,1.53,http://www.sec.gov/cgi-bin/browse-edgar?action=getcompany&CIK=OXY
TMO,Thermo Fisher Scientific,Health Care,124.63,0.48,25.51,4.89,51.9,107.33,141.25,49.66,4.03,2.99,2.43,http://www.sec.gov/cgi-bin/browse-edgar?action=getcompany&CIK=TMO
TGT,Target Corp,Consumer Discretionary,77.3693,2.92,,-1.415,22.115,58.72,85.81,48.62,7.35,0.6687,3.5388,http://www.sec.gov/cgi-bin/browse-edgar?action=getcompany&CIK=TGT
TJX,TJX Companies,Consumer Discretionary,70.9,1.18,21.65,3.28,6.34,58.58,76.93,47.81,4.28,1.62,11.35,http://www.sec.gov/cgi-bin/browse-edgar?action=getcompany&CIK=TJX
DUK,Duke Energy,Utilities,69.37,4.75,17.63,3.93,57.53,67.27,89.97,47.75,8.79,2.08,1.22,http://www.sec.gov/cgi-bin/browse-edgar?action=getcompany&CIK=DUK
TXN,Texas Instruments,Information Technology,46.46,3.18,16.72,2.78,9.87,41.47,59.99,47.69,5.36,3.7,4.81,http://www.sec.gov/cgi-bin/browse-edgar?action=getcompany&CIK=TXN
GM,General Motors,Consumer Discretionary,29.69,4.72,10.96,2.71,21.97,24.62,38.99,47.03,12.94,0.32,1.39,http://www.sec.gov/cgi-bin/browse-edgar?action=getcompany&CIK=GM
HPQ,Hewlett-Packard,Information Technology,25.965,2.65,10.628,2.443,15.011,24.85,41.1,46.69,12.76,0.448,1.761,http://www.sec.gov/cgi-bin/browse-edgar?action=getcompany&CIK=HPQ
MCK,McKesson Corp,Health Care,197.705,0.55,28.248,6.999,38.093,160.1,243.61,45.95,4.24,0.255,5.284,http://www.sec.gov/cgi-bin/browse-edgar?action=getcompany&CIK=MCK
EMC,EMC Corp,Information Technology,23.66,1.91,19.27,1.23,10.43,22.66,30.92,45.54,5.42,1.88,2.32,http://www.sec.gov/cgi-bin/browse-edgar?action=getcompany&CIK=EMC
PNC,PNC Financial Services,Financials,87.7099,2.33,12.0879,7.256,79.585,76.69,100.52,45.05,0,3.0072,1.1167,http://www.sec.gov/cgi-bin/browse-edgar?action=getcompany&CIK=PNC
GD,Genl Dynamics,Industrials,137.99,1.98,16.15,8.55,34.57,114.73,153.76,45.01,4.63,1.43,4.04,http://www.sec.gov/cgi-bin/browse-edgar?action=getcompany&CIK=GD
NEE,NextEra Energy,Utilities,97.2,3.17,14.88,6.53,47.2,90.33,112.64,43.94,8.11,2.49,2.08,http://www.sec.gov/cgi-bin/browse-edgar?action=getcompany&CIK=NEE
DD,Du Pont (E.I.),Materials,47.82,3.2,14.25,3.36,14.76,47.37,76.59,43.27,5.74,1.33,3.27,http://www.sec.gov/cgi-bin/browse-edgar?action=getcompany&CIK=DD
BK,Bank of New York Mellon,Financials,38.75,1.75,15.44,2.51,32.28,35.06,45.45,42.88,0,2.73,1.22,http://www.sec.gov/cgi-bin/browse-edgar?action=getcompany&CIK=BK
CAT,Caterpillar,Industrials,71.03,4.29,12.13,5.86,28.36,70.23,107.12,42.8,8.53,0.82,2.54,http://www.sec.gov/cgi-bin/browse-edgar?action=getcompany&CIK=CAT
PSX,Phillips 66,Energy,78.24,2.85,10.07,7.77,41.64,57.33,84.85,42.07,5.15,0.38,1.9,http://www.sec.gov/cgi-bin/browse-edgar?action=getcompany&CIK=PSX
NFLX,NetFlix,Consumer Discretionary,98.63,,221.14,0.45,4.77,45.08,129.29,42.02,0.40716,6.99,21.03,http://www.sec.gov/cgi-bin/browse-edgar?action=getcompany&CIK=NFLX
EOG,EOG Resources,Energy,75.44,0.88,29.7,2.54,31.74,68.15,103.04,41.43,7,3.28,2.41,http://www.sec.gov/cgi-bin/browse-edgar?action=getcompany&CIK=EOG
AET,Aetna,Health Care,118.29,0.86,17.95,6.59,44.2,71.81,134.4,41.24,5.16,0.69,2.69,http://www.sec.gov/cgi-bin/browse-edgar?action=getcompany&CIK=AET
ADBE,Adobe Systems,Information Technology,82.68,0,84.37,0.98,13.72,58.51,87.25,41.23,1.1,9.11,6.07,http://www.sec.gov/cgi-bin/browse-edgar?action=getcompany&CIK=ADBE
D,Dominion Resources,Utilities,69.19,3.75,23.69,2.92,20.9,65.53,80.89,41.12,5.09,3.39,3.32,http://www.sec.gov/cgi-bin/browse-edgar?action=getcompany&CIK=D
FDX,FedEx Corp,Industrials,143.7,0.69,37.86,3.8,54.12,130.13,185.19,40.58,7.22,0.86,2.7,http://www.sec.gov/cgi-bin/browse-edgar?action=getcompany&CIK=FDX
MON,Monsanto Co,Materials,86.26,2.45,15.96,5.41,17.79,86.17,126,40.36,4.69,2.68,4.93,http://www.sec.gov/cgi-bin/browse-edgar?action=getcompany&CIK=MON
COF,Capital One Financial,Financials,73.27,2.18,10.34,7.08,85.52,67.73,92.1,39.98,0,2.19,0.87,http://www.sec.gov/cgi-bin/browse-edgar?action=getcompany&CIK=COF
CCL,Carnival Corp,Consumer Discretionary,51.26,2.3,27.87,1.84,29.89,33.11,54.05,39.88,3.37,2.6,1.76,http://www.sec.gov/cgi-bin/browse-edgar?action=getcompany&CIK=CCL
LYB,LyondellBasell Industries,Materials,84.77,3.64,9.17,9.24,16.93,70.06,113.65,39.49,7.2,1.02,5.12,http://www.sec.gov/cgi-bin/browse-edgar?action=getcompany&CIK=LYB
SO,Southern Co,Utilities,43.22,5,18.31,2.36,22.22,41.4,53.16,39.26,6.18,2.22,1.97,http://www.sec.gov/cgi-bin/browse-edgar?action=getcompany&CIK=SO
KMB,Kimberly-Clark,Consumer Staples,107.445,3.26,62.071,1.731,1.416,99.597,119.01,39.14,4.38,2.062,76.815,http://www.sec.gov/cgi-bin/browse-edgar?action=getcompany&CIK=KMB
ANTM,Anthem,Health Care,148.85,1.7,14.55,10.23,88.17,108.92,173.59,38.94,6.59,0.51,1.7,http://www.sec.gov/cgi-bin/browse-edgar?action=getcompany&CIK=ANTM
AMT,American Tower,Financials,89.23,2.03,53.53,1.67,17.27,87.95,106.31,37.77,2.7,8.82,5.23,http://www.sec.gov/cgi-bin/browse-edgar?action=getcompany&CIK=AMT
CTSH,Cognizant Technology Solutions,Information Technology,61.49,,24.79,2.48,14.01,42.94,69.35,37.48,2.25,3.38,4.48,http://www.sec.gov/cgi-bin/browse-edgar?action=getcompany&CIK=CTSH
SCHW,Schwab(Charles)Corp,Financials,28.25,0.84,29.74,0.95,8.78,23.35,35.72,37.17,0,6.26,3.31,http://www.sec.gov/cgi-bin/browse-edgar?action=getcompany&CIK=SCHW
SYK,Stryker Corp,Health Care,98.44,1.39,40.36,2.44,22.59,77.87,105.34,37.07,2.62,3.82,4.41,http://www.sec.gov/cgi-bin/browse-edgar?action=getcompany&CIK=SYK
DAL,Delta Air Lines,Industrials,46.49,1.16,20.56,2.26,12.02,30.12,51.06,36.98,7.22,0.92,3.93,http://www.sec.gov/cgi-bin/browse-edgar?action=getcompany&CIK=DAL
ADP,Automatic Data Processing,Information Technology,78.47,2.48,25.73,3.05,10.31,64.29,90.23,36.55,2.28,3.4,7.75,http://www.sec.gov/cgi-bin/browse-edgar?action=getcompany&CIK=ADP
CI,Cigna Corp,Health Care,141.16,0.03,17.49,8.07,43.88,85.75,170.68,36.35,3.93,1,3.24,http://www.sec.gov/cgi-bin/browse-edgar?action=getcompany&CIK=CI
PSA,Public Storage,Financials,207.94,3.29,36.3,5.73,29.53,162.34,217.99,35.97,1.67,15.24,7.09,http://www.sec.gov/cgi-bin/browse-edgar?action=getcompany&CIK=PSA
ALXN,Alexion Pharmaceuticals,Health Care,156.6,,53.48,2.93,37.84,150.06,208.88,35.42,0.88,15.18,4.24,http://www.sec.gov/cgi-bin/browse-edgar?action=getcompany&CIK=ALXN
KR,Kroger Co,Consumer Staples,35.951,1.2,18.531,1.94,6.095,25.42,39.43,34.69,5.54,0.325,6.015,http://www.sec.gov/cgi-bin/browse-edgar?action=getcompany&CIK=KR
HCA,HCA Holdings,Health Care,82.68,0,16.93,4.88,-17.79,43.91,95.49,34.33,7.7,0.89,,http://www.sec.gov/cgi-bin/browse-edgar?action=getcompany&CIK=HCA
YUM,Yum Brands,Consumer Discretionary,79.6,2.05,39,2.04,3.63,65.81,95.9,34.32,2.7,2.65,22.14,http://www.sec.gov/cgi-bin/browse-edgar?action=getcompany&CIK=YUM
AVGO,Avago Technologies,Information Technology,123.96,1.32,32.52,3.81,15.57,68.75,150.5,34.13,2.8,5.33,8.17,http://www.sec.gov/cgi-bin/browse-edgar?action=getcompany&CIK=AVGO
PRU,Prudential Financial,Financials,75.52,3.06,14.03,5.38,92.33,74.05,92.6,34.06,8.76,0.56,0.84,http://www.sec.gov/cgi-bin/browse-edgar?action=getcompany&CIK=PRU
GIS,Genl Mills,Consumer Staples,56.66,3.11,28.76,1.97,8.35,47.5,59.87,33.92,3.25,1.93,6.8,http://www.sec.gov/cgi-bin/browse-edgar?action=getcompany&CIK=GIS
WMB,WilliamsCompanies,Energy,45.1,5.55,16.55,2.72,10.59,40.07,61.38,33.81,2.89,4.42,4.32,http://www.sec.gov/cgi-bin/browse-edgar?action=getcompany&CIK=WMB
APC,Anadarko Petroleum,Energy,65.27,1.65,,-4.97,32.26,58.1,105.23,33.16,6.76,2.6,2.04,http://www.sec.gov/cgi-bin/browse-edgar?action=getcompany&CIK=APC
ECL,Ecolab,Materials,110.73,1.3,27.25,4.06,23.08,97.78,118.27,32.68,2.93,2.37,4.88,http://www.sec.gov/cgi-bin/browse-edgar?action=getcompany&CIK=ECL
ACE,ACE Limited,Financials,100.89,2.68,11.35,8.89,91.27,96,117.89,32.67,3.86,1.7,1.11,http://www.sec.gov/cgi-bin/browse-edgar?action=getcompany&CIK=ACE
HAL,Halliburton Co,Energy,37.16,1.93,20.95,1.77,18.37,30.93,66.26,31.76,6.13,1.05,2.04,http://www.sec.gov/cgi-bin/browse-edgar?action=getcompany&CIK=HAL
BRCM,Broadcom Corp,Information Technology,51.95,1.07,29.45,1.76,15.82,34.5,57.7,31.53,1.98,3.74,3.33,http://www.sec.gov/cgi-bin/browse-edgar?action=getcompany&CIK=BRCM
PCP,Precision Castparts,Industrials,229.15,0.05,22.45,10.21,81.59,186.17,245.05,31.51,2.83,3.19,2.81,http://www.sec.gov/cgi-bin/browse-edgar?action=getcompany&CIK=PCP
NOC,Northrop Grumman,Industrials,167.68,1.89,16.98,9.87,32.76,118.24,176.83,31.42,3.59,1.33,5.2,http://www.sec.gov/cgi-bin/browse-edgar?action=getcompany&CIK=NOC
RTN,Raytheon Co,Industrials,103.3,2.56,14.81,6.97,33.12,92.96,113.36,31.36,3.34,1.4,3.17,http://www.sec.gov/cgi-bin/browse-edgar?action=getcompany&CIK=RTN
EBAY,eBay,Information Technology,25.68,,13.28,1.93,16.26,19.5,29.35,31.28,5.17,1.72,1.59,http://www.sec.gov/cgi-bin/browse-edgar?action=getcompany&CIK=EBAY
TRV,TravelersCompanies,Financials,99.31,2.45,9.11,10.91,77.51,90.83,110.49,30.91,6.16,1.16,1.3,http://www.sec.gov/cgi-bin/browse-edgar?action=getcompany&CIK=TRV
CME,CME Group,Financials,90.74,2.21,25.71,3.53,63.24,75.94,100.87,30.65,2.16,9.51,1.45,http://www.sec.gov/cgi-bin/browse-edgar?action=getcompany&CIK=CME
ITW,Illinois Tool Works,Industrials,83.11,2.59,16.63,5,14.48,78.79,100.14,30.43,3.37,2.21,5.82,http://www.sec.gov/cgi-bin/browse-edgar?action=getcompany&CIK=ITW
VFC,VF Corp,Consumer Discretionary,70.6,1.81,29.26,2.41,11.67,61.75,77.83,30.05,2.1,2.45,6.13,http://www.sec.gov/cgi-bin/browse-edgar?action=getcompany&CIK=VFC
PX,Praxair,Materials,103.07,2.72,20.06,5.14,17.33,100.99,133.77,29.53,3.75,2.59,6.07,http://www.sec.gov/cgi-bin/browse-edgar?action=getcompany&CIK=PX
EMR,Emerson Electric,Industrials,44.74,4.17,12.49,3.58,13.19,44.03,65.94,29.4,4.53,1.27,3.42,http://www.sec.gov/cgi-bin/browse-edgar?action=getcompany&CIK=EMR
VLO,Valero Energy,Energy,59.15,2.67,6.77,8.73,42.93,42.53,71.5,29.4,8.76,0.27,1.39,http://www.sec.gov/cgi-bin/browse-edgar?action=getcompany&CIK=VLO
BDX,Becton Dickinson,Health Care,137.84,1.73,34.26,4.02,34.5,112.17,154.98,28.98,2.42,3.11,4.03,http://www.sec.gov/cgi-bin/browse-edgar?action=getcompany&CIK=BDX
EL,Estee Lauder Co,Consumer Staples,77.41,1.24,27.45,2.82,9.72,70.18,91.68,28.87,2.02,2.72,8.08,http://www.sec.gov/cgi-bin/browse-edgar?action=getcompany&CIK=EL
YHOO,Yahoo,Information Technology,30.445,,4.229,7.199,35.679,29,52.62,28.66,0.54175,6.025,0.874,http://www.sec.gov/cgi-bin/browse-edgar?action=getcompany&CIK=YHOO
APD,Air Products & Chemicals,Materials,132.25,2.41,27.64,4.78,35.29,118.2,158.2,28.43,2.79,2.86,3.82,http://www.sec.gov/cgi-bin/browse-edgar?action=getcompany&CIK=APD
AAL,American Airlines Group,Industrials,42.16,0.92,7.28,5.79,5.36,28.1,56.2,28.32,7.99,0.69,8.06,http://www.sec.gov/cgi-bin/browse-edgar?action=getcompany&CIK=AAL
VRTX,Vertex Pharmaceuticals,Health Care,114.83,,,-3.08,3.66,96.43,143.45,28.09,-0.53259,46.03,32.27,http://www.sec.gov/cgi-bin/browse-edgar?action=getcompany&CIK=VRTX
MMC,Marsh & McLennan,Financials,52.685,2.34,19.291,2.731,12.774,48.66,59.99,27.92,2.75,2.217,4.201,http://www.sec.gov/cgi-bin/browse-edgar?action=getcompany&CIK=MMC
HUM,Humana,Health Care,187.56,0.62,22.2,8.45,68.06,121.04,219.79,27.79,2.6,0.54,2.77,http://www.sec.gov/cgi-bin/browse-edgar?action=getcompany&CIK=HUM
CB,Chubb Corp,Financials,120.79,1.91,14.11,8.56,70.13,90.22,129.44,27.42,3.02,1.98,1.73,http://www.sec.gov/cgi-bin/browse-edgar?action=getcompany&CIK=CB
MNST,Monster Beverage,Consumer Staples,133.03,,48.93,2.72,23.62,88.93,155.83,27.34,0.85235,10.85,5.72,http://www.sec.gov/cgi-bin/browse-edgar?action=getcompany&CIK=MNST
AEP,American Electric Power,Utilities,54.85,3.82,15.45,3.55,35.54,51.58,65.38,26.91,5.2,1.61,1.56,http://www.sec.gov/cgi-bin/browse-edgar?action=getcompany&CIK=AEP
CSX,CSX Corp,Industrials,27.325,2.56,13.663,2,11.754,24.47,37.99,26.88,4.92,2.211,2.391,http://www.sec.gov/cgi-bin/browse-edgar?action=getcompany&CIK=CSX
CAH,Cardinal Health,Health Care,81.3,1.85,22.46,3.62,19.07,71.72,91.91,26.61,2.69,0.27,4.35,http://www.sec.gov/cgi-bin/browse-edgar?action=getcompany&CIK=CAH
LB,L Brands,Consumer Discretionary,91.2,2.18,23.65,3.86,-2.23,64.47,95.78,26.48,2.46,2.3,,http://www.sec.gov/cgi-bin/browse-edgar?action=getcompany&CIK=LB
EQR,Equity Residential,Financials,72.49,3.06,29.29,2.47,28.73,60.44,82.53,26.39,1.73,9.96,2.55,http://www.sec.gov/cgi-bin/browse-edgar?action=getcompany&CIK=EQR
ICE,Intercontinental Exchange,Financials,227.635,2.29,23.523,9.677,111.802,193.42,246.39,26.19,2.03,8.349,2.072,http://www.sec.gov/cgi-bin/browse-edgar?action=getcompany&CIK=ICE
EXC,Exelon Corp,Utilities,30.05,4.01,11.09,2.71,27.28,29.55,38.93,25.89,8.47,0.89,1.12,http://www.sec.gov/cgi-bin/browse-edgar?action=getcompany&CIK=EXC
JCI,Johnson Controls,Consumer Discretionary,39.57,2.57,17.37,2.28,16.29,38.48,54.52,25.88,3.35,0.63,2.5,http://www.sec.gov/cgi-bin/browse-edgar?action=getcompany&CIK=JCI
ADM,Archer-Daniels-Midland,Consumer Staples,42.34,2.59,11.66,3.63,30.2,41.63,53.91,25.78,3.79,0.36,1.44,http://www.sec.gov/cgi-bin/browse-edgar?action=getcompany&CIK=ADM
BBT,BB&T Corp,Financials,35.14,3.06,12.69,2.77,30.64,34.5,41.9,25.77,0,2.94,1.17,http://www.sec.gov/cgi-bin/browse-edgar?action=getcompany&CIK=BBT
DE,Deere & Co,Industrials,78.31,3.02,12.04,6.5,23.53,76.76,98.23,25.7,4.5,0.84,3.36,http://www.sec.gov/cgi-bin/browse-edgar?action=getcompany&CIK=DE
CCI,Crown Castle International,Financials,77.12,4.24,17.29,4.46,22.23,74.45,89.44,25.69,2.09,6.86,3.49,http://www.sec.gov/cgi-bin/browse-edgar?action=getcompany&CIK=CCI
LUV,Southwest Airlines,Industrials,38.51,0.76,16.63,2.32,10.86,28.4,47.17,25.39,4.02,1.37,3.63,http://www.sec.gov/cgi-bin/browse-edgar?action=getcompany&CIK=LUV
AON,Aon Plc,Financials,89.28,1.34,20.44,4.37,22.87,78.26,107.08,25,2.53,2.14,3.95,http://www.sec.gov/cgi-bin/browse-edgar?action=getcompany&CIK=AON
PRGO,Perrigo,Health Care,170.75,0.28,185.8,0.92,72.88,142.38,215.73,24.98,1.35,5.55,2.4,http://www.sec.gov/cgi-bin/browse-edgar?action=getcompany&CIK=PRGO
MPC,Marathon Petroleum,Energy,46.24,2.78,8.06,5.74,21.68,37.32,60.38,24.79,6.42,0.32,2.13,http://www.sec.gov/cgi-bin/browse-edgar?action=getcompany&CIK=MPC
MHFI,McGraw Hill Financial,Financials,90.885,1.43,22721.25,0.004,2.8,73.96,109.13,24.77,2.1,4.888,33.107,http://www.sec.gov/cgi-bin/browse-edgar?action=getcompany&CIK=MHFI
PPG,PPG Indus,Materials,91.1,1.55,22.68,4.02,19.1,85.78,118.95,24.66,2.43,1.64,4.89,http://www.sec.gov/cgi-bin/browse-edgar?action=getcompany&CIK=PPG
PCG,PG&E Corp,Utilities,51.105,3.6,17.739,2.881,33.264,43.76,60.21,24.63,4.67,1.421,1.539,http://www.sec.gov/cgi-bin/browse-edgar?action=getcompany&CIK=PCG
AFL,AFLAC,Financials,56.915,2.73,9.561,5.953,39.52,51.41,65.1,24.51,4.29,1.147,1.46,http://www.sec.gov/cgi-bin/browse-edgar?action=getcompany&CIK=AFL
ETN,Eaton Corp Plc,Industrials,52.4365,4.16,11.3327,4.627,33.696,49.21,73.82,24.51,3.56,1.1376,1.5806,http://www.sec.gov/cgi-bin/browse-edgar?action=getcompany&CIK=ETN
ORLY,O'Reilly Automotive,Consumer Discretionary,244.32,,29.9,8.17,19.78,146.22,258.15,24.29,1.61,3.24,12.48,http://www.sec.gov/cgi-bin/browse-edgar?action=getcompany&CIK=ORLY
TEL,TE Connectivity,Information Technology,59.61,2.15,12.08,4.93,22.6,51.03,73.73,23.99,2.92,1.73,2.71,http://www.sec.gov/cgi-bin/browse-edgar?action=getcompany&CIK=TEL
HCN,Health Care REIT,Financials,67.78,4.9,27.23,2.49,38.91,61,84.88,23.85,1.77,6.79,1.74,http://www.sec.gov/cgi-bin/browse-edgar?action=getcompany&CIK=HCN
INTU,Intuit,Information Technology,85.91,1.4,67.01,1.28,8.4,77.96,109.21,23.82,1.09,5.74,10.34,http://www.sec.gov/cgi-bin/browse-edgar?action=getcompany&CIK=INTU
K,Kellogg Co,Consumer Staples,66.725,2.97,63.306,1.054,7.513,58.83,69.89,23.59,1.64,1.684,9.006,http://www.sec.gov/cgi-bin/browse-edgar?action=getcompany&CIK=K
BHI,Baker Hughes,Energy,53.97,1.27,90.4,0.6,40.6,44.11,70.45,23.52,3.43,1.11,1.35,http://www.sec.gov/cgi-bin/browse-edgar?action=getcompany&CIK=BHI
SYY,Sysco Corp,Consumer Staples,39.39,3.04,34.25,1.15,8.85,35.45,41.87,23.43,2.34,0.49,4.5,http://www.sec.gov/cgi-bin/browse-edgar?action=getcompany&CIK=SYY
NSC,Norfolk Southern,Industrials,77.238,2.99,13.232,5.837,40.071,72.1,117.64,23.28,4.28,2.146,1.986,http://www.sec.gov/cgi-bin/browse-edgar?action=getcompany&CIK=NSC
BEN,Franklin Resources,Financials,37.79,1.5,10.16,3.72,19.66,37.79,59.43,23.2,3.2,2.88,1.97,http://www.sec.gov/cgi-bin/browse-edgar?action=getcompany&CIK=BEN
SRE,Sempra Energy,Utilities,93.43,3.03,17.09,5.47,47.09,89.44,116.3,23.18,3.17,2.18,1.98,http://www.sec.gov/cgi-bin/browse-edgar?action=getcompany&CIK=SRE
ALL,Allstate Corp,Financials,57.87,2.08,9.73,5.95,48.64,54.12,72.87,23.17,4.75,0.66,1.2,http://www.sec.gov/cgi-bin/browse-edgar?action=getcompany&CIK=ALL
AZO,AutoZone,Consumer Discretionary,739,,21.28,34.72,-52.6,491.93,754.9,22.81,2.18,2.26,,http://www.sec.gov/cgi-bin/browse-edgar?action=getcompany&CIK=AZO
GGP,Genl Growth Properties,Financials,25.67,2.8,17.4,1.48,9.18,23.19,31.7,22.75,1.82,8.93,2.83,http://www.sec.gov/cgi-bin/browse-edgar?action=getcompany&CIK=GGP
MYL,Mylan NV,Health Care,46.21,0,22.36,2.07,19.47,44.8,76.69,22.71,2.31,2.81,2.47,http://www.sec.gov/cgi-bin/browse-edgar?action=getcompany&CIK=MYL
AVB,AvalonBay Communities,Financials,170.58,2.93,29.65,5.75,69.31,139.27,181.69,22.67,1.24,12.05,2.49,http://www.sec.gov/cgi-bin/browse-edgar?action=getcompany&CIK=AVB
CMG,Chipotle Mexican Grill,Consumer Discretionary,725.79,,44.45,16.33,72.28,597.33,758.61,22.6,0.95072,5.13,10.12,http://www.sec.gov/cgi-bin/browse-edgar?action=getcompany&CIK=CMG
DFS,Discover Financial Services,Financials,51.77,2.14,10.7,4.84,24.47,50.92,66.75,22.54,0,3.26,2.16,http://www.sec.gov/cgi-bin/browse-edgar?action=getcompany&CIK=DFS
WM,Waste Management,Industrials,49.54,3.09,22.71,2.18,11.92,45.5,55.93,22.4,3.42,1.69,4.2,http://www.sec.gov/cgi-bin/browse-edgar?action=getcompany&CIK=WM
ABC,AmerisourceBergen Corp,Health Care,103.25,1.09,,-1.95,7.28,74.32,120.68,22.32,1.54,0.17,14.47,http://www.sec.gov/cgi-bin/browse-edgar?action=getcompany&CIK=ABC
BSX,Boston Scientific,Health Care,16.59,,,-0.12,4.9,11.1,18.62,22.3,1.74,3.09,3.41,http://www.sec.gov/cgi-bin/browse-edgar?action=getcompany&CIK=BSX
ZTS,Zoetis,Health Care,44.25,0.74,53.31,0.83,2.36,34.16,55.38,22.08,1.39,4.62,18.9,http://www.sec.gov/cgi-bin/browse-edgar?action=getcompany&CIK=ZTS
SHW,Sherwin-Williams,Materials,237.62,1.09,24.24,9.8,8.21,202.01,294.35,21.92,1.58,1.99,29.76,http://www.sec.gov/cgi-bin/browse-edgar?action=getcompany&CIK=SHW
UA,Under Armour,Consumer Discretionary,101.39,,109.49,0.93,6.56,60,105.89,21.87,0.44208,6.5,15.7,http://www.sec.gov/cgi-bin/browse-edgar?action=getcompany&CIK=UA
CERN,Cerner Corp,Health Care,62.47,,43.69,1.43,11.2,55.75,75.72,21.56,1.07,5.75,5.67,http://www.sec.gov/cgi-bin/browse-edgar?action=getcompany&CIK=CERN
EA,Electronic Arts,Information Technology,69.14,,23.12,2.99,10.73,31.77,75.76,21.55,1.28,4.89,6.58,http://www.sec.gov/cgi-bin/browse-edgar?action=getcompany&CIK=EA
DLPH,Delphi Automotive Plc,Consumer Discretionary,73.8,1.29,14.45,5.11,8.71,58.23,90.57,20.98,2.56,1.31,8.87,http://www.sec.gov/cgi-bin/browse-edgar?action=getcompany&CIK=DLPH
GLW,Corning,Information Technology,17.015,2.72,8.361,2.035,15.177,15.42,25.16,20.86,3.05,2.249,1.154,http://www.sec.gov/cgi-bin/browse-edgar?action=getcompany&CIK=GLW
DG,Dollar General,Consumer Discretionary,70.51,1.25,18.84,3.74,18.39,57.09,81.42,20.78,2.23,1.06,3.85,http://www.sec.gov/cgi-bin/browse-edgar?action=getcompany&CIK=DG
PPL,PPL Corp,Utilities,30.9867,4.88,19.3184,1.604,14.848,29.18,38.14,20.76,4.81,1.8279,2.11,http://www.sec.gov/cgi-bin/browse-edgar?action=getcompany&CIK=PPL
RCL,Royal Caribbean Cruises,Consumer Discretionary,94.08,1.57,25.17,3.74,37.83,52.32,97.6,20.69,1.81,2.65,2.57,http://www.sec.gov/cgi-bin/browse-edgar?action=getcompany&CIK=RCL
BF-B,Brown-Forman,Consumer Staples,99.59,1.6,30.53,3.26,8.27,81.89,111.06,20.56,1.1,6.59,12.08,http://www.sec.gov/cgi-bin/browse-edgar?action=getcompany&CIK=BF-B
CBS,CBS Corp,Consumer Discretionary,42.57,1.4,7.91,5.38,12.32,40.75,63.95,20.53,3.07,1.5,3.48,http://www.sec.gov/cgi-bin/browse-edgar?action=getcompany&CIK=CBS
PEG,Public Svc Enterprises,Utilities,40.3,3.87,11.07,3.64,25.12,36.37,44.45,20.39,4.5,1.89,1.62,http://www.sec.gov/cgi-bin/browse-edgar?action=getcompany&CIK=PEG
FISV,Fiserv,Information Technology,86.48,,29.2,2.96,13.36,60.55,90.54,20.29,1.57,4,6.57,http://www.sec.gov/cgi-bin/browse-edgar?action=getcompany&CIK=FISV
MCO,Moody's Corp,Financials,100.23,1.35,22.16,4.52,-1.65,85.5,113.87,20.08,1.59,5.86,,http://www.sec.gov/cgi-bin/browse-edgar?action=getcompany&CIK=MCO
PLD,Prologis,Financials,38.28,4.19,19.14,2,27.92,36.26,47.56,20.06,1.21,10.15,1.38,http://www.sec.gov/cgi-bin/browse-edgar?action=getcompany&CIK=PLD
HSY,Hershey Co,Consumer Staples,91.29,2.52,35.59,2.57,5.24,82.41,111.35,20.03,1.66,2.72,17.69,http://www.sec.gov/cgi-bin/browse-edgar?action=getcompany&CIK=HSY
ROST,Ross Stores,Consumer Discretionary,48.785,0.96,20.515,2.378,5.848,37.01,56.68,19.91,1.83,1.749,8.454,http://www.sec.gov/cgi-bin/browse-edgar?action=getcompany&CIK=ROST
CMI,Cummins,Industrials,111.92,3.38,11.75,9.52,44.22,110.86,151.25,19.88,2.72,1.03,2.6,http://www.sec.gov/cgi-bin/browse-edgar?action=getcompany&CIK=CMI
EIX,Edison International,Utilities,60.92,2.72,12.71,4.79,34.76,54.12,69.59,19.85,4.46,1.56,1.77,http://www.sec.gov/cgi-bin/browse-edgar?action=getcompany&CIK=EIX
ZBH,Zimmer Biomet Holdings,Health Care,97.46,0.89,49.47,1.97,49.8,94.73,121.84,19.82,1.81,4.31,1.97,http://www.sec.gov/cgi-bin/browse-edgar?action=getcompany&CIK=ZBH
STI,SunTrust Banks,Financials,37.78,2.17,10.94,3.45,42.39,33.97,45.84,19.51,0,2.54,0.9,http://www.sec.gov/cgi-bin/browse-edgar?action=getcompany&CIK=STI
PCAR,PACCAR,Industrials,54.81,1.7,12.26,4.47,20.34,53.45,71.15,19.46,2.78,1.01,2.78,http://www.sec.gov/cgi-bin/browse-edgar?action=getcompany&CIK=PCAR
FIS,Fidelity National Information Services,Information Technology,68.3,1.53,28.07,2.43,22.87,51.38,72.3,19.23,1.61,3.04,3.04,http://www.sec.gov/cgi-bin/browse-edgar?action=getcompany&CIK=FIS
BAX,Baxter International,Health Care,35.09,1.27,8.79,3.99,14.65,34.5,43.44,19.14,4.05,1.2,2.45,http://www.sec.gov/cgi-bin/browse-edgar?action=getcompany&CIK=BAX
AMP,Ameriprise Financial,Financials,106.51,2.5,12.25,8.69,44.06,95.52,138.26,18.98,3.81,1.56,2.47,http://www.sec.gov/cgi-bin/browse-edgar?action=getcompany&CIK=AMP
ED,Consolidated Edison,Utilities,64.75,4,17.18,3.77,43.66,55.8,72.25,18.96,3.37,1.51,1.49,http://www.sec.gov/cgi-bin/browse-edgar?action=getcompany&CIK=ED
VTR,Ventas,Financials,56.55,5.2,36.67,1.54,33.22,52.03,81.93,18.8,1.83,5.63,1.71,http://www.sec.gov/cgi-bin/browse-edgar?action=getcompany&CIK=VTR
SE,Spectra Energy,Energy,27.98,5.3,23.51,1.19,11.31,26,40.17,18.78,2.69,3.37,2.5,http://www.sec.gov/cgi-bin/browse-edgar?action=getcompany&CIK=SE
STJ,St. Jude Medical,Health Care,66.19,1.72,18.45,3.59,13.65,54.8,80.84,18.65,1.71,3.39,4.91,http://www.sec.gov/cgi-bin/browse-edgar?action=getcompany&CIK=STJ
ISRG,Intuitive Surgical,Health Care,497.735,,37.075,13.425,102.505,449.34,564.86,18.43,0.7501,8.281,4.926,http://www.sec.gov/cgi-bin/browse-edgar?action=getcompany&CIK=ISRG
HIG,Hartford Finl Services Gp,Financials,44.04,1.9,11.72,3.76,43.78,34.73,50.95,18.27,2.76,1,1.02,http://www.sec.gov/cgi-bin/browse-edgar?action=getcompany&CIK=HIG
DISCA,Discovery Communications,Consumer Discretionary,27.86,,17.47,1.6,8.46,25.11,39.46,18.25,2.5,2.93,3.4,http://www.sec.gov/cgi-bin/browse-edgar?action=getcompany&CIK=DISCA
PXD,Pioneer Natural Resources,Energy,121.8,0.07,35.83,3.4,55.71,105.83,202.86,18.19,2.48,5.15,2.22,http://www.sec.gov/cgi-bin/browse-edgar?action=getcompany&CIK=PXD
MAR,Marriott International,Consumer Discretionary,67.98,1.44,23.31,2.92,-11.35,59.61,85,18.07,1.41,6.56,,http://www.sec.gov/cgi-bin/browse-edgar?action=getcompany&CIK=MAR
AMAT,Applied Materials,Information Technology,15.01,2.51,14.3,1.05,6.64,14.25,25.71,18.02,1.95,1.97,2.35,http://www.sec.gov/cgi-bin/browse-edgar?action=getcompany&CIK=AMAT
BXP,Boston Properties,Financials,117.28,2.19,32.5,3.61,36.38,94.91,146.07,18.01,1.5,7.31,3.26,http://www.sec.gov/cgi-bin/browse-edgar?action=getcompany&CIK=BXP
PGR,"Progressive Corp,Ohio",Financials,30.59,2.24,13.66,2.24,12.56,24.16,31.7,17.92,2.21,0.9,2.46,http://www.sec.gov/cgi-bin/browse-edgar?action=getcompany&CIK=PGR
HCP,HCP,Financials,38.59,5.85,48.97,0.79,22.13,35.37,49.61,17.85,1.8,7.39,1.75,http://www.sec.gov/cgi-bin/browse-edgar?action=getcompany&CIK=HCP
TROW,T.Rowe Price Group,Financials,68.95,2.99,14.7,4.69,19.3,67.76,88.64,17.67,2.07,4.34,3.64,http://www.sec.gov/cgi-bin/browse-edgar?action=getcompany&CIK=TROW
M,Macy's,Consumer Discretionary,53.29,2.66,13.11,4.07,14.64,53.21,73.61,17.64,3.76,0.64,3.68,http://www.sec.gov/cgi-bin/browse-edgar?action=getcompany&CIK=M
VIAB,Viacom,Consumer Discretionary,44.105,3.5,10.295,4.284,7.218,36.32,79.41,17.54,4.27,1.325,6.218,http://www.sec.gov/cgi-bin/browse-edgar?action=getcompany&CIK=VIAB
ADI,Analog Devices,Information Technology,55.4374,2.82,24.871,2.229,16.148,42.57,68.97,17.39,1.22,5.4312,3.5069,http://www.sec.gov/cgi-bin/browse-edgar?action=getcompany&CIK=ADI
CAG,ConAgra Foods,Consumer Staples,40.47,2.37,,-0.6,10.57,32.41,45.49,17.36,2.11,1.15,4.01,http://www.sec.gov/cgi-bin/browse-edgar?action=getcompany&CIK=CAG
VNO,Vornado Realty Trust,Financials,91.34,2.75,19.34,4.72,27.91,84.32,115.73,17.22,1.31,6.43,3.31,http://www.sec.gov/cgi-bin/browse-edgar?action=getcompany&CIK=VNO
XEL,Xcel Energy,Utilities,33.95,3.81,18.83,1.8,20.26,30.12,38.35,17.22,3.02,1.53,1.68,http://www.sec.gov/cgi-bin/browse-edgar?action=getcompany&CIK=XEL
TSN,Tyson Foods,Consumer Staples,41.8275,0.93,15.5898,2.683,23.804,37.02,45.1,16.99,2.77,0.4228,1.7921,http://www.sec.gov/cgi-bin/browse-edgar?action=getcompany&CIK=TSN
WDC,Western Digital,Information Technology,73.395,2.64,11.876,6.18,40.083,73.36,114.69,16.91,2.88,1.206,1.903,http://www.sec.gov/cgi-bin/browse-edgar?action=getcompany&CIK=WDC
SWKS,Skyworks Solutions,Information Technology,88.02,1.16,22.99,3.83,15.93,44.06,112.88,16.79,1.11,5.5,5.6,http://www.sec.gov/cgi-bin/browse-edgar?action=getcompany&CIK=SWKS
SIAL,Sigma-Aldrich,Materials,139.53,0.66,34.62,4.03,27.61,132.45,140.03,16.72,0.837,6.04,5.06,http://www.sec.gov/cgi-bin/browse-edgar?action=getcompany&CIK=SIAL
IP,International Paper,Materials,39.7,3.96,16.45,2.41,11.71,39.69,57.9,16.58,3.86,0.73,3.44,http://www.sec.gov/cgi-bin/browse-edgar?action=getcompany&CIK=IP
PAYX,Paychex,Information Technology,45.8,3.61,24.76,1.85,4.94,41.59,51.72,16.54,1.16,6.15,9.44,http://www.sec.gov/cgi-bin/browse-edgar?action=getcompany&CIK=PAYX
MU,Micron Technology,Information Technology,15.31,0,5.1,3,11.58,13.5,36.59,16.47,6.09,1.01,1.36,http://www.sec.gov/cgi-bin/browse-edgar?action=getcompany&CIK=MU
DVN,Devon Energy,Energy,39.72,2.41,,-14.33,37.28,36.63,70.76,16.32,7.43,1.09,1.08,http://www.sec.gov/cgi-bin/browse-edgar?action=getcompany&CIK=DVN
DVA,DaVita HealthCare Partner,Health Care,75.65,,36.58,2.07,23.89,71.5,85.17,16.3,2.42,1.23,3.18,http://www.sec.gov/cgi-bin/browse-edgar?action=getcompany&CIK=DVA
EQIX,Equinix,Financials,286.23,2.37,,-3.18,38.67,189.55,294.49,16.3,1.07,6.48,7.55,http://www.sec.gov/cgi-bin/browse-edgar?action=getcompany&CIK=EQIX
OMC,Omnicom Group,Consumer Discretionary,66.79,2.97,15.4,4.34,10.9,64.03,80.98,16.23,2.24,1.08,6.21,http://www.sec.gov/cgi-bin/browse-edgar?action=getcompany&CIK=OMC
EXPE,Expedia,Consumer Discretionary,124.41,0.76,20.1,6.19,16.35,70.91,130.99,16.07,0.70584,2.67,7.73,http://www.sec.gov/cgi-bin/browse-edgar?action=getcompany&CIK=EXPE
LVLT,Level 3 Communications,Telecommunication Services,45.09,,54.92,0.82,19.23,37.61,57.08,16.04,2.3,2.15,2.41,http://www.sec.gov/cgi-bin/browse-edgar?action=getcompany&CIK=LVLT
ENDP,Endo International plc,Health Care,76.49,,,-3.82,29.55,57.14,96.58,15.93,0.74315,5,2.65,http://www.sec.gov/cgi-bin/browse-edgar?action=getcompany&CIK=ENDP
HRL,Hormel Foods,Consumer Staples,60.13,1.64,24.25,2.48,14.88,49.62,64.13,15.91,1.18,1.72,4.11,http://www.sec.gov/cgi-bin/browse-edgar?action=getcompany&CIK=HRL
DLTR,Dollar Tree,Consumer Discretionary,67.71,,45.29,1.5,17.24,53.7,84.22,15.89,1.33,1.63,3.93,http://www.sec.gov/cgi-bin/browse-edgar?action=getcompany&CIK=DLTR
APH,Amphenol Corp A,Information Technology,50.89,1.08,22.02,2.31,9.92,45.27,60.54,15.73,1.26,2.94,5.24,http://www.sec.gov/cgi-bin/browse-edgar?action=getcompany&CIK=APH
MTB,M&T Bank,Financials,118.03,2.37,15.83,7.46,85.93,111.78,134,15.73,0,3.63,1.4,http://www.sec.gov/cgi-bin/browse-edgar?action=getcompany&CIK=MTB
CPB,Campbell Soup,Consumer Staples,50.64,2.44,22.91,2.21,4.44,41.15,52.26,15.7,1.52,1.97,11.59,http://www.sec.gov/cgi-bin/browse-edgar?action=getcompany&CIK=CPB
NTRS,Northern Trust,Financials,67.14,2.15,17.39,3.86,35.91,60.78,79.25,15.63,0,3.45,1.9,http://www.sec.gov/cgi-bin/browse-edgar?action=getcompany&CIK=NTRS
ROP,Roper Technologies,Industrials,155,0.63,23.49,6.6,49.86,137.34,178.92,15.6,1.23,4.44,3.17,http://www.sec.gov/cgi-bin/browse-edgar?action=getcompany&CIK=ROP
WEC,WEC Energy Group,Utilities,49.29,3.71,21.43,2.3,26.79,42.53,58.01,15.56,1.44,3.37,1.85,http://www.sec.gov/cgi-bin/browse-edgar?action=getcompany&CIK=WEC
ADS,Alliance Data Systems,Information Technology,252,,31.4,8.03,31.74,230.54,312,15.48,1.61,2.66,8.06,http://www.sec.gov/cgi-bin/browse-edgar?action=getcompany&CIK=ADS
TAP,Molson Coors Brewing,Consumer Staples,82.51,1.94,41.76,1.98,40.96,63.91,85.79,15.27,0.7272,4.02,2.04,http://www.sec.gov/cgi-bin/browse-edgar?action=getcompany&CIK=TAP
SWK,Stanley Black & Decker,Industrials,99.58,2.19,20.31,4.9,37.75,79.03,111.18,15.26,1.87,1.36,2.67,http://www.sec.gov/cgi-bin/browse-edgar?action=getcompany&CIK=SWK
FITB,Fifth Third Bancorp,Financials,18.84,2.75,11.85,1.59,17.62,17.14,21.93,15.25,0,2.8,1.09,http://www.sec.gov/cgi-bin/browse-edgar?action=getcompany&CIK=FITB
ALTR,Altera Corp,Information Technology,50.27,1.43,38.94,1.29,10.98,30.47,51.91,15.21,0.53526,8.34,4.6,http://www.sec.gov/cgi-bin/browse-edgar?action=getcompany&CIK=ALTR
EW,Edwards Lifesciences,Health Care,139.77,,34.84,4.01,21.31,97.07,159,15.03,0.6633,6.26,6.64,http://www.sec.gov/cgi-bin/browse-edgar?action=getcompany&CIK=EW
ES,Eversource Energy,Utilities,47.33,3.54,16.43,2.88,32.11,43.88,56.83,15.01,2.43,1.86,1.48,http://www.sec.gov/cgi-bin/browse-edgar?action=getcompany&CIK=ES
MJN,Mead Johnson Nutrition,Consumer Staples,73.7,2.21,20.94,3.52,3.73,73.1,105.45,14.94,1.06,3.53,20.1,http://www.sec.gov/cgi-bin/browse-edgar?action=getcompany&CIK=MJN
TYC,Tyco International,Industrials,34.86,2.31,38.35,0.91,10.21,34.01,44.84,14.69,1.05,1.48,3.48,http://www.sec.gov/cgi-bin/browse-edgar?action=getcompany&CIK=TYC
DPS,Dr. Pepper Snapple Group,Consumer Staples,76.84,2.49,20.95,3.67,11.85,60.65,83.57,14.67,1.42,2.4,6.59,http://www.sec.gov/cgi-bin/browse-edgar?action=getcompany&CIK=DPS
APA,Apache Corp,Energy,38.71,2.5,,-43.43,41.12,38.37,95.97,14.63,7.54,1.45,0.96,http://www.sec.gov/cgi-bin/browse-edgar?action=getcompany&CIK=APA
HES,Hess Corp,Energy,51.47,1.91,338.62,0.15,74.23,49.86,97.26,14.63,4,1.7,0.7,http://www.sec.gov/cgi-bin/browse-edgar?action=getcompany&CIK=HES
CLX,Clorox Co,Consumer Staples,113.4,2.8,25.93,4.37,0.92,94.16,119.75,14.59,1.16,2.6,124.83,http://www.sec.gov/cgi-bin/browse-edgar?action=getcompany&CIK=CLX
MHK,Mohawk Industries,Consumer Discretionary,196.67,,,49.9,62.35,120.37,212.16,14.54,1.24,1.89,3.23,http://www.sec.gov/cgi-bin/browse-edgar?action=getcompany&CIK=MHK
BCR,Bard (C.R.),Health Care,195,0.49,43.04,4.53,22.35,141.49,202.47,14.47,1.05,4.32,8.79,http://www.sec.gov/cgi-bin/browse-edgar?action=getcompany&CIK=BCR
ESS,Essex Property Trust,Financials,219.97,2.77,70.91,3.1,94.71,176.7,243.17,14.46,0.7526,12.66,2.34,http://www.sec.gov/cgi-bin/browse-edgar?action=getcompany&CIK=ESS
WY,Weyerhaeuser Co,Financials,27.91,4.39,9.53,2.93,9.55,26.84,37.04,14.35,1.56,2.01,2.96,http://www.sec.gov/cgi-bin/browse-edgar?action=getcompany&CIK=WY
CTL,CenturyLink,Telecommunication Services,25.4162,8.43,20.1237,1.263,25.909,24.81,41.99,14.31,6.67,0.8175,0.9989,http://www.sec.gov/cgi-bin/browse-edgar?action=getcompany&CIK=CTL
NOV,Natl Oilwell Varco,Energy,37.15,4.76,8.11,4.58,48.97,34.54,79.4,14.26,3.79,0.72,0.76,http://www.sec.gov/cgi-bin/browse-edgar?action=getcompany&CIK=NOV
IR,Ingersoll-Rand Plc,Industrials,53.64,2.11,21.35,2.51,21.97,52.47,70.93,14.23,1.73,1.11,2.5,http://www.sec.gov/cgi-bin/browse-edgar?action=getcompany&CIK=IR
PFG,Principal Financial Group,Financials,47.94,3.16,12.39,3.87,32.89,41.67,58.02,14.13,1.78,1.27,1.48,http://www.sec.gov/cgi-bin/browse-edgar?action=getcompany&CIK=PFG
RSG,Republic Services,Industrials,40.4899,2.95,24.0011,1.687,22.223,37.18,43.71,14.13,2.37,1.598,1.8472,http://www.sec.gov/cgi-bin/browse-edgar?action=getcompany&CIK=RSG
GWW,Grainger (W.W.),Industrials,212.63,2.18,18.1,11.75,45.78,194.42,261.57,14.03,1.62,1.41,4.68,http://www.sec.gov/cgi-bin/browse-edgar?action=getcompany&CIK=GWW
PH,Parker-Hannifin,Industrials,100.98,2.47,14.49,6.97,36.84,99.74,133.41,13.98,1.86,1.12,2.78,http://www.sec.gov/cgi-bin/browse-edgar?action=getcompany&CIK=PH
DTE,DTE Energy,Utilities,77.6,3.75,16.55,4.69,47.58,73.23,92.27,13.93,2.44,1.28,1.64,http://www.sec.gov/cgi-bin/browse-edgar?action=getcompany&CIK=DTE
JWN,Nordstrom,Consumer Discretionary,73.6,2,19.48,3.78,13.24,66.08,83.16,13.85,1.88,0.99,5.62,http://www.sec.gov/cgi-bin/browse-edgar?action=getcompany&CIK=JWN
IVZ,INVESCO Ltd,Financials,32.09,3.32,13.34,2.4,19.43,31.03,42.05,13.76,1.46,2.71,1.69,http://www.sec.gov/cgi-bin/browse-edgar?action=getcompany&CIK=IVZ
ROK,Rockwell Automation,Industrials,102.47,2.51,16.02,6.4,19.06,98.55,127.05,13.74,1.37,2.15,5.46,http://www.sec.gov/cgi-bin/browse-edgar?action=getcompany&CIK=ROK
MSI,Motorola Solutions,Information Technology,66.3,2.03,26.36,2.52,8.78,56.4,70.26,13.71,1.24,2.37,7.64,http://www.sec.gov/cgi-bin/browse-edgar?action=getcompany&CIK=MSI
UHS,Univl Health Services,Health Care,137.94,0.29,22.72,6.07,41.02,95.63,148.57,13.66,1.59,1.6,3.39,http://www.sec.gov/cgi-bin/browse-edgar?action=getcompany&CIK=UHS
SYMC,Symantec Corp,Information Technology,19.83,2.97,18.18,1.09,8.62,19.35,27.32,13.57,1.81,2.21,2.35,http://www.sec.gov/cgi-bin/browse-edgar?action=getcompany&CIK=SYMC
SJM,Smucker (J.M.),Consumer Staples,112.85,2.3,33.41,3.38,59.58,95.6,120.65,13.5,1.29,2.22,1.96,http://www.sec.gov/cgi-bin/browse-edgar?action=getcompany&CIK=SJM
STX,Seagate Technology Plc,Information Technology,44.39,4.73,8.44,5.26,9.57,44.34,69.4,13.41,2.31,1.02,4.83,http://www.sec.gov/cgi-bin/browse-edgar?action=getcompany&CIK=STX
FE,FirstEnergy Corp,Utilities,31.2201,4.63,30.252,1.032,29.66,30.34,41.68,13.19,3.01,0.925,1.057,http://www.sec.gov/cgi-bin/browse-edgar?action=getcompany&CIK=FE
RHT,Red Hat,Information Technology,71.145,,70.441,1.01,7.355,52.53,81.49,13.05,0.34985,7.225,9.887,http://www.sec.gov/cgi-bin/browse-edgar?action=getcompany&CIK=RHT
VMC,Vulcan Materials,Materials,97.75,0.4,114.6,0.85,31.78,54.1,102.65,13.02,0.67893,4.21,3.14,http://www.sec.gov/cgi-bin/browse-edgar?action=getcompany&CIK=VMC
L,Loews Corp,Financials,35.83,0.7,19.29,1.86,51.92,35.21,43.77,13.01,2.82,0.94,0.7,http://www.sec.gov/cgi-bin/browse-edgar?action=getcompany&CIK=L
GPS,Gap,Consumer Discretionary,31.7,2.91,11.96,2.65,6.51,30.75,43.9,12.89,2.4,0.8,4.93,http://www.sec.gov/cgi-bin/browse-edgar?action=getcompany&CIK=GPS
BBY,Best Buy,Consumer Discretionary,36.86,2.45,14.24,2.59,13.43,28.32,42,12.7,2.19,0.32,2.8,http://www.sec.gov/cgi-bin/browse-edgar?action=getcompany&CIK=BBY
AKAM,Akamai Technologies,Information Technology,70.5,,38.32,1.84,17.03,51.74,78.44,12.59,0.69588,6.13,4.23,http://www.sec.gov/cgi-bin/browse-edgar?action=getcompany&CIK=AKAM
NUE,Nucor Corp,Materials,39.174,3.7,19.412,2.018,23.97,39.12,57.24,12.52,1.99,0.662,1.681,http://www.sec.gov/cgi-bin/browse-edgar?action=getcompany&CIK=NUE
GPC,Genuine Parts,Consumer Discretionary,82.45,2.95,17.77,4.64,21.38,78.76,109,12.5,1.28,0.82,3.91,http://www.sec.gov/cgi-bin/browse-edgar?action=getcompany&CIK=GPC
NBL,Noble Energy,Energy,32.31,2.23,17.9,1.8,28.96,29.17,71.19,12.5,3.21,3.4,1.13,http://www.sec.gov/cgi-bin/browse-edgar?action=getcompany&CIK=NBL
WHR,Whirlpool Corp,Consumer Discretionary,158.96,2.19,18.7,8.5,63.22,139.85,217.11,12.47,2.03,0.61,2.57,http://www.sec.gov/cgi-bin/browse-edgar?action=getcompany&CIK=WHR
AME,AMETEK,Industrials,51.13,0.69,21.22,2.41,14.26,45.12,57.67,12.38,1.05,3.12,3.66,http://www.sec.gov/cgi-bin/browse-edgar?action=getcompany&CIK=AME
NVDA,NVIDIA Corp,Information Technology,22.89,1.67,24.35,0.94,7.76,16.77,23.95,12.34,1.04,2.65,3.03,http://www.sec.gov/cgi-bin/browse-edgar?action=getcompany&CIK=NVDA
MAC,Macerich Co,Financials,77.7,3.35,7.87,9.87,34.65,62.62,95.93,12.3,0.75838,9.82,2.27,http://www.sec.gov/cgi-bin/browse-edgar?action=getcompany&CIK=MAC
KMX,CarMax,Consumer Discretionary,58.95,,20.87,2.82,15.69,43.27,75.4,12.26,1.12,0.9,3.99,http://www.sec.gov/cgi-bin/browse-edgar?action=getcompany&CIK=KMX
HST,Host Hotels & Resorts,Financials,16.2058,4.84,17.3139,0.936,9.641,16.19,24.5,12.17,1.37,2.3165,1.7239,http://www.sec.gov/cgi-bin/browse-edgar?action=getcompany&CIK=HST
CAM,Cameron International,Energy,63.51,,18.6,3.41,23.07,39.52,70.28,12.16,1.67,1.23,2.77,http://www.sec.gov/cgi-bin/browse-edgar?action=getcompany&CIK=CAM
MOS,Mosaic Co,Materials,33.9901,2.9,10.0652,3.377,28.406,33.84,53.83,12.04,2.4,1.395,1.2828,http://www.sec.gov/cgi-bin/browse-edgar?action=getcompany&CIK=MOS
CA,CA,Information Technology,27.08,3.63,14.31,1.89,13.13,25.16,33.42,11.95,1.34,2.94,2.11,http://www.sec.gov/cgi-bin/browse-edgar?action=getcompany&CIK=CA
HBI,Hanesbrands,Consumer Discretionary,29.69,1.33,34.01,0.87,3.61,24.92,34.8,11.95,0.92078,2.14,8.35,http://www.sec.gov/cgi-bin/browse-edgar?action=getcompany&CIK=HBI
HOT,Starwood Hotels&Res World,Consumer Discretionary,70.04,2.1,21.31,3.29,7.86,66.39,87.99,11.93,1.1,3.83,9.06,http://www.sec.gov/cgi-bin/browse-edgar?action=getcompany&CIK=HOT
LNC,Lincoln National,Financials,47.5,1.68,8.66,5.49,58.58,45.25,62.08,11.92,2.05,0.88,0.82,http://www.sec.gov/cgi-bin/browse-edgar?action=getcompany&CIK=LNC
RF,Regions Financial,Financials,8.95,2.68,12.33,0.73,12.06,8.59,10.87,11.86,0,2.43,0.75,http://www.sec.gov/cgi-bin/browse-edgar?action=getcompany&CIK=RF
LH,Laboratory Corp American Holdings,Health Care,117.29,0,25.38,4.62,47.32,95.61,131.19,11.8,1.41,1.69,2.51,http://www.sec.gov/cgi-bin/browse-edgar?action=getcompany&CIK=LH
CF,CF Industries Holdings,Materials,50.27,2.31,12.87,3.91,17.63,47.89,70.32,11.72,2.05,2.74,2.93,http://www.sec.gov/cgi-bin/browse-edgar?action=getcompany&CIK=CF
TSO,Tesoro Petroleum Co,Energy,93.31,2.15,9.41,9.92,38.63,55.59,110.74,11.68,2.86,0.35,2.42,http://www.sec.gov/cgi-bin/browse-edgar?action=getcompany&CIK=TSO
SRCL,Stericycle,Industrials,137.16,,39.3,3.49,23.14,114.26,148.87,11.64,0.71014,4.33,6.01,http://www.sec.gov/cgi-bin/browse-edgar?action=getcompany&CIK=SRCL
A,Agilent Technologies,Health Care,35.08,1.2,41.81,0.84,12.36,33.57,43.59,11.63,1.2,1.69,2.89,http://www.sec.gov/cgi-bin/browse-edgar?action=getcompany&CIK=A
ETR,Entergy Corp,Utilities,64.52,5.17,14.61,4.41,56.58,61.27,92.02,11.58,3.79,0.96,1.13,http://www.sec.gov/cgi-bin/browse-edgar?action=getcompany&CIK=ETR
AA,Alcoa,Materials,9.45,1.5,19.69,0.48,10.02,7.97,17.75,11.55,3.78,0.5,0.99,http://www.sec.gov/cgi-bin/browse-edgar?action=getcompany&CIK=AA
CTXS,Citrix Systems,Information Technology,71.48,,42.27,1.69,13.89,56.47,78.42,11.49,0.73282,3.7,5.25,http://www.sec.gov/cgi-bin/browse-edgar?action=getcompany&CIK=CTXS
EFX,Equifax,Industrials,97.2,1.2,30.47,3.19,18.34,69.04,105.86,11.49,0.8933,4.52,5.35,http://www.sec.gov/cgi-bin/browse-edgar?action=getcompany&CIK=EFX
WFM,Whole Foods Market,Consumer Staples,31.497,1.62,18.872,1.669,11.35,30.18,57.57,11.27,1.41,0.753,2.818,http://www.sec.gov/cgi-bin/browse-edgar?action=getcompany&CIK=WFM
HSIC,Schein (Henry),Health Care,135,,24.4,5.53,34.23,109.34,149.95,11.26,0.89044,1.1,4,http://www.sec.gov/cgi-bin/browse-edgar?action=getcompany&CIK=HSIC
MLM,Martin Marietta Materials,Materials,167.32,0.94,55.22,3.03,64.32,103.09,178.67,11.21,0.70778,3.62,2.67,http://www.sec.gov/cgi-bin/browse-edgar?action=getcompany&CIK=MLM
TSCO,Tractor Supply,Consumer Discretionary,82.3,0.93,28.38,2.9,10.19,55.95,96.28,11.18,0.75782,1.91,8.33,http://www.sec.gov/cgi-bin/browse-edgar?action=getcompany&CIK=TSCO
XL,XL Group Plc,Financials,36.91,2.2,8.67,4.26,40.3,25.56,40.41,11.16,1.48,1.54,0.93,http://www.sec.gov/cgi-bin/browse-edgar?action=getcompany&CIK=XL
O,Realtyome,Financials,47.47,4.81,43.35,1.1,23.69,40.56,55.54,11.15,0.87735,11.38,2.01,http://www.sec.gov/cgi-bin/browse-edgar?action=getcompany&CIK=O
HOG,Harley-Davidson,Consumer Discretionary,53.67,2.28,14.38,3.73,14.56,50.64,70.41,11.14,1.38,1.9,3.76,http://www.sec.gov/cgi-bin/browse-edgar?action=getcompany&CIK=HOG
EQT,EQT Corp,Energy,73.05,0.16,42.52,1.72,33.72,70.24,100.65,11.13,1.67,4.77,2.19,http://www.sec.gov/cgi-bin/browse-edgar?action=getcompany&CIK=EQT
NWL,Newell Rubbermaid,Consumer Discretionary,41.52,1.81,30.15,1.38,6.64,31.14,44.51,11.12,0.9654,1.94,6.35,http://www.sec.gov/cgi-bin/browse-edgar?action=getcompany&CIK=NWL
CCE,Coca-Cola Enterprises,Consumer Staples,48.43,2.31,18.85,2.57,4.42,39.05,53.79,11.09,1.3,1.47,11.07,http://www.sec.gov/cgi-bin/browse-edgar?action=getcompany&CIK=CCE
XRX,Xerox Corp,Information Technology,10.335,2.71,18.163,0.569,9.407,9.62,14.36,11.05,2.18,0.595,1.117,http://www.sec.gov/cgi-bin/browse-edgar?action=getcompany&CIK=XRX
CBG,CBRE Group,Financials,33.07,,20.94,1.58,7.41,27.49,39.77,10.98,1.11,1.17,4.53,http://www.sec.gov/cgi-bin/browse-edgar?action=getcompany&CIK=CBG
SLG,SL Green Realty,Financials,109.67,2.18,85.21,1.29,69.22,99.89,135.81,10.92,0.91269,6.95,1.61,http://www.sec.gov/cgi-bin/browse-edgar?action=getcompany&CIK=SLG
KEY,KeyCorp,Financials,12.89,2.32,12.61,1.02,12.21,11.55,15.7,10.84,0,2.73,1.07,http://www.sec.gov/cgi-bin/browse-edgar?action=getcompany&CIK=KEY
DHI,D.R.Horton,Consumer Discretionary,29.53,0.79,16.03,1.84,15.35,19.29,33.06,10.83,1.12,1.11,2,http://www.sec.gov/cgi-bin/browse-edgar?action=getcompany&CIK=DHI
COL,Rockwell Collins,Industrials,82.02,1.58,16.48,4.98,15.55,72.35,99.37,10.81,1.2,2.09,5.36,http://www.sec.gov/cgi-bin/browse-edgar?action=getcompany&CIK=COL
XLNX,Xilinx,Information Technology,41.59,2.91,18.25,2.28,10.22,36.24,48.73,10.76,0.82541,4.74,4.14,http://www.sec.gov/cgi-bin/browse-edgar?action=getcompany&CIK=XLNX
MRO,Marathon Oil,Energy,15.83,5.3,15.4,1.03,29.86,14.03,38.93,10.72,2.9,1.31,0.54,http://www.sec.gov/cgi-bin/browse-edgar?action=getcompany&CIK=MRO
FAST,Fastenal Co,Industrials,36.87,3.01,21.07,1.75,6.08,36.68,48.43,10.7,0.90722,2.8,6.12,http://www.sec.gov/cgi-bin/browse-edgar?action=getcompany&CIK=FAST
TXT,Textron,Industrials,38.43,0.2,16.16,2.38,16.65,32.2,46.93,10.62,1.61,0.79,2.38,http://www.sec.gov/cgi-bin/browse-edgar?action=getcompany&CIK=TXT
SNDK,SanDisk Corp,Information Technology,51.78,2.28,20.23,2.56,27.5,44.28,106.64,10.59,1.64,1.79,1.92,http://www.sec.gov/cgi-bin/browse-edgar?action=getcompany&CIK=SNDK
ADSK,Autodesk,Information Technology,46.78,0,,-0.86,8.41,44.46,65,10.58,0.201,4.22,5.64,http://www.sec.gov/cgi-bin/browse-edgar?action=getcompany&CIK=ADSK
MKC,McCormick & Co,Consumer Staples,81.9,1.94,24.98,3.28,13.41,65.16,85.3,10.47,0.6905,2.5,6.2,http://www.sec.gov/cgi-bin/browse-edgar?action=getcompany&CIK=MKC
LRCX,Lam Research,Information Technology,65.5,1.68,17.7,3.7,32.19,62.85,85.7,10.36,1.15,2.05,2.11,http://www.sec.gov/cgi-bin/browse-edgar?action=getcompany&CIK=LRCX
FCX,Freeport-McMoRan,Materials,9.925,1.84,,-6.376,13.274,7.76,33.4,10.32,6.95,0.567,0.793,http://www.sec.gov/cgi-bin/browse-edgar?action=getcompany&CIK=FCX
EMN,Eastman Chemical,Materials,69.03,2.31,14.93,4.62,25.32,63.85,88.93,10.26,2.22,1.08,2.8,http://www.sec.gov/cgi-bin/browse-edgar?action=getcompany&CIK=EMN
KSU,Kansas City Southern,Industrials,92.275,1.4,20.736,4.45,35.187,86.38,126.49,10.18,1.09,4.17,2.694,http://www.sec.gov/cgi-bin/browse-edgar?action=getcompany&CIK=KSU
SEE,Sealed Air,Materials,49.21,1,41.74,1.18,5.14,29.85,55.84,10.13,1.09,1.38,9.73,http://www.sec.gov/cgi-bin/browse-edgar?action=getcompany&CIK=SEE
LEN,Lennar Corp,Consumer Discretionary,49.315,0.32,15.7,3.141,25.038,37.5,56.04,10.12,1.08,1.226,2.06,http://www.sec.gov/cgi-bin/browse-edgar?action=getcompany&CIK=LEN
KIM,Kimco Realty,Financials,24.16,3.98,15.96,1.51,12.04,21.54,28.54,9.98,0.69717,9.12,2.02,http://www.sec.gov/cgi-bin/browse-edgar?action=getcompany&CIK=KIM
TIF,Tiffany & Co,Consumer Discretionary,77.38,2.02,22.56,3.43,22.32,77.38,110.6,9.98,1.02,2.44,3.56,http://www.sec.gov/cgi-bin/browse-edgar?action=getcompany&CIK=TIF
BBBY,Bed Bath & Beyond,Consumer Discretionary,59.81,,11.66,5.13,15.34,58.81,79.64,9.95,1.77,0.84,3.94,http://www.sec.gov/cgi-bin/browse-edgar?action=getcompany&CIK=BBBY
COG,Cabot Oil & Gas,Energy,23.84,0.34,,-0.26,5.19,20.94,35.64,9.87,0.39995,5.99,4.61,http://www.sec.gov/cgi-bin/browse-edgar?action=getcompany&CIK=COG
AEE,Ameren Corp,Utilities,40.54,4.06,16.55,2.45,27.88,37.26,48.14,9.84,2.08,1.71,1.46,http://www.sec.gov/cgi-bin/browse-edgar?action=getcompany&CIK=AEE
HRB,H & R Block,Consumer Discretionary,35.485,2.25,20.116,1.764,6.041,27.42,36.3,9.81,0.94824,3.208,5.923,http://www.sec.gov/cgi-bin/browse-edgar?action=getcompany&CIK=HRB
WAT,Waters Corp,Health Care,119,0,21.48,5.54,23.49,93.56,137.39,9.79,0.67547,4.91,5.16,http://www.sec.gov/cgi-bin/browse-edgar?action=getcompany&CIK=WAT
XEC,Cimarex Energy,Energy,103.165,0.62,,-8.966,44.424,91.74,132.18,9.74,1.24,4.958,2.332,http://www.sec.gov/cgi-bin/browse-edgar?action=getcompany&CIK=XEC
JNPR,Juniper Networks,Information Technology,25.24,1.57,,-1.02,11.05,18.41,29.13,9.7,0.8807,2.19,2.33,http://www.sec.gov/cgi-bin/browse-edgar?action=getcompany&CIK=JNPR
TRIP,TripAdvisor,Consumer Discretionary,67.27,,46.39,1.45,8.61,62.5,94.75,9.69,0.356,6.99,7.94,http://www.sec.gov/cgi-bin/browse-edgar?action=getcompany&CIK=TRIP
DGX,Quest Diagnostics,Health Care,66.38,2.27,19.44,3.41,29.96,56.27,89,9.53,1.47,1.28,2.25,http://www.sec.gov/cgi-bin/browse-edgar?action=getcompany&CIK=DGX
CTAS,Cintas Corp,Industrials,86.27,0.98,23.75,3.63,17.3,65.79,89.74,9.51,0.85149,2.15,5.05,http://www.sec.gov/cgi-bin/browse-edgar?action=getcompany&CIK=CTAS
CHRW,C.H. Robinson Worldwide,Industrials,66.95,2.25,20.34,3.29,7.66,61.46,77.49,9.49,0.85351,0.71,8.94,http://www.sec.gov/cgi-bin/browse-edgar?action=getcompany&CIK=CHRW
HAS,Hasbro,Consumer Discretionary,75.82,2.39,23.08,3.29,11.44,51.42,84.42,9.47,0.8048,2.25,6.75,http://www.sec.gov/cgi-bin/browse-edgar?action=getcompany&CIK=HAS
WU,Western Union,Information Technology,18.45,3.34,11.44,1.61,2.55,15.32,22.84,9.44,1.41,1.73,7.35,http://www.sec.gov/cgi-bin/browse-edgar?action=getcompany&CIK=WU
RL,Ralph Lauren Corp,Consumer Discretionary,109.97,1.74,16.11,6.83,44.42,104.34,187.49,9.42,1.24,1.27,2.51,http://www.sec.gov/cgi-bin/browse-edgar?action=getcompany&CIK=RL
KSS,Kohl's Corp,Consumer Discretionary,48.37,3.66,12.67,3.82,28.96,48.33,79.6,9.41,2.57,0.5,1.7,http://www.sec.gov/cgi-bin/browse-edgar?action=getcompany&CIK=KSS
AMG,Affiliated Managers Group,Financials,171.57,,18.31,9.37,48.84,170.17,230.63,9.31,0.9901,3.73,3.6,http://www.sec.gov/cgi-bin/browse-edgar?action=getcompany&CIK=AMG
CMS,CMS Energy,Utilities,33.66,3.44,20.14,1.67,13.8,29.15,38.66,9.31,1.79,1.41,2.45,http://www.sec.gov/cgi-bin/browse-edgar?action=getcompany&CIK=CMS
LLTC,Linear Technology Corp,Information Technology,38.85,3.01,18.33,2.12,6.58,36.41,49.57,9.31,0.7368,6.46,6.04,http://www.sec.gov/cgi-bin/browse-edgar?action=getcompany&CIK=LLTC
PVH,PVH Corp,Consumer Discretionary,111.77,0.13,18.89,5.92,53.36,93.8,129.17,9.23,0.9533,1.16,2.13,http://www.sec.gov/cgi-bin/browse-edgar?action=getcompany&CIK=PVH
DOV,Dover Corp,Industrials,58.93,2.76,10.27,5.74,22.96,55.5,83.9,9.22,1.44,1.26,2.61,http://www.sec.gov/cgi-bin/browse-edgar?action=getcompany&CIK=DOV
CVC,Cablevision Systems,Consumer Discretionary,33.11,1.81,36.3,0.91,-17.94,16.94,33.27,9.15,1.79,1.4,,http://www.sec.gov/cgi-bin/browse-edgar?action=getcompany&CIK=CVC
BLL,Ball Corp,Materials,65.73,0.78,22.99,2.86,8.24,57.95,77.2,9.08,1.11,1.11,8.13,http://www.sec.gov/cgi-bin/browse-edgar?action=getcompany&CIK=BLL
BWA,Borg Warner,Consumer Discretionary,40.02,1.21,14.4,2.78,16.29,39.35,63.3,9.06,1.35,1.2,2.62,http://www.sec.gov/cgi-bin/browse-edgar?action=getcompany&CIK=BWA
PNR,Pentair plc,Industrials,50.33,2.51,47.44,1.06,25.28,49.75,69.65,9.06,1.14,1.36,2,http://www.sec.gov/cgi-bin/browse-edgar?action=getcompany&CIK=PNR
SNA,Snap-On,Industrials,155.07,1.36,20.35,7.62,39.56,111.28,170.7,9.02,0.7959,2.56,3.97,http://www.sec.gov/cgi-bin/browse-edgar?action=getcompany&CIK=SNA
MAS,Masco Corp,Industrials,26.54,1.32,11.67,2.28,-0.14,17.43,28.59,9,1.06,1.08,,http://www.sec.gov/cgi-bin/browse-edgar?action=getcompany&CIK=MAS
HRS,Harris Corp,Information Technology,72.245,2.73,23.23,3.11,27.467,60.78,84.78,8.96,1.1,1.794,2.676,http://www.sec.gov/cgi-bin/browse-edgar?action=getcompany&CIK=HRS
WYN,Wyndham Worldwide,Consumer Discretionary,75.1,2.21,16.23,4.63,9.02,69.86,94.35,8.87,1.27,1.67,8.47,http://www.sec.gov/cgi-bin/browse-edgar?action=getcompany&CIK=WYN
MCHP,Microchip Technology,Information Technology,41.9401,3.35,22.7194,1.846,10.37,36.92,52.44,8.85,0.73017,4.1912,4.1205,http://www.sec.gov/cgi-bin/browse-edgar?action=getcompany&CIK=MCHP
NTAP,NetApp,Information Technology,29.82,2.3,21.21,1.41,10.1,28.88,43.67,8.79,0.7205,1.54,3.09,http://www.sec.gov/cgi-bin/browse-edgar?action=getcompany&CIK=NTAP
EXPD,"Expeditors International,Wash",Industrials,46.39,1.54,20.97,2.21,9.98,38.14,50.08,8.78,0.71604,1.31,4.74,http://www.sec.gov/cgi-bin/browse-edgar?action=getcompany&CIK=EXPD
MNK,Mallinckrodt plc,Health Care,74.31,,,-0.98,45.18,72.28,134.26,8.72,1.22,2.46,1.64,http://www.sec.gov/cgi-bin/browse-edgar?action=getcompany&CIK=MNK
DRI,Darden Restaurants,Consumer Discretionary,68.66,3.17,12.56,5.47,18.42,46.7,75.6,8.7,0.774,1.32,3.81,http://www.sec.gov/cgi-bin/browse-edgar?action=getcompany&CIK=DRI
CINF,Cincinnati Financial,Financials,52.75,3.48,13.32,3.96,39.62,45.09,56.94,8.66,1.02,1.7,1.35,http://www.sec.gov/cgi-bin/browse-edgar?action=getcompany&CIK=CINF
GMCR,Keurig Green Mountain,Consumer Staples,56.05,2.03,16.57,3.38,18.14,45.25,158.87,8.63,1.12,1.88,3.14,http://www.sec.gov/cgi-bin/browse-edgar?action=getcompany&CIK=GMCR
NDAQ,Nasdaq OMX Group,Financials,50.75,1.98,24.99,2.03,33.84,38.43,54.68,8.57,1.02,2.54,1.51,http://www.sec.gov/cgi-bin/browse-edgar?action=getcompany&CIK=NDAQ
TSS,Total System Services,Information Technology,46.45,0.86,26.59,1.75,9.65,28.54,48.67,8.54,0.63747,3.33,4.89,http://www.sec.gov/cgi-bin/browse-edgar?action=getcompany&CIK=TSS
LLL,L-3 Communications Holdings,Industrials,106.17,2.43,15.49,6.86,64.32,101.11,132.92,8.53,1.19,0.74,1.68,http://www.sec.gov/cgi-bin/browse-edgar?action=getcompany&CIK=LLL
IFF,International Flavors/Fragr,Materials,104.81,2.13,19.85,5.28,20.1,91.64,123.08,8.45,0.66376,2.78,5.28,http://www.sec.gov/cgi-bin/browse-edgar?action=getcompany&CIK=IFF
CSC,Computer Sciences,Information Technology,60.54,1.51,1407.91,0.04,21.66,54.23,73.29,8.37,1.02,0.73,2.84,http://www.sec.gov/cgi-bin/browse-edgar?action=getcompany&CIK=CSC
NEM,Newmont Mining,Materials,15.74,0.59,16.33,0.96,21.3,15.39,27.9,8.33,3.16,1.15,0.78,http://www.sec.gov/cgi-bin/browse-edgar?action=getcompany&CIK=NEM
HBAN,Huntington Bancshares,Financials,10.34,2.32,13.26,0.78,7.61,8.8,11.9,8.3,0,3,1.38,http://www.sec.gov/cgi-bin/browse-edgar?action=getcompany&CIK=HBAN
KORS,Michael Kors Holdings,Consumer Discretionary,42.9,,10.1,4.25,10.84,36.63,79.7,8.27,1.38,1.89,4.02,http://www.sec.gov/cgi-bin/browse-edgar?action=getcompany&CIK=KORS
SPLS,Staples,Consumer Discretionary,12.745,3.55,157.346,0.081,8.104,11.39,19.4,8.2,1.39,0.399,1.671,http://www.sec.gov/cgi-bin/browse-edgar?action=getcompany&CIK=SPLS
IPG,Interpublic GroupCompanies,Consumer Discretionary,19.895,2.38,16.057,1.239,4.834,16.37,22.69,8.16,0.9885,1.086,4.162,http://www.sec.gov/cgi-bin/browse-edgar?action=getcompany&CIK=IPG
GT,Goodyear Tire & Rub,Consumer Discretionary,29.635,0.9,3.017,9.824,14.737,18.87,32.95,7.98,2.37,0.48,2.082,http://www.sec.gov/cgi-bin/browse-edgar?action=getcompany&CIK=GT
FFIV,F5 Networks,Information Technology,112.17,,22.77,4.93,18.69,106.82,136.11,7.96,0.59647,4.37,6.2,http://www.sec.gov/cgi-bin/browse-edgar?action=getcompany&CIK=FFIV
VRSN,VeriSign,Information Technology,70.03,0,27.65,2.53,-8.72,52.1,71.82,7.95,0.63812,7.82,,http://www.sec.gov/cgi-bin/browse-edgar?action=getcompany&CIK=VRSN
COH,Coach,Consumer Discretionary,28.68,4.64,19.78,1.45,9,27.62,43.87,7.93,0.9728,1.93,3.25,http://www.sec.gov/cgi-bin/browse-edgar?action=getcompany&CIK=COH
MAT,Mattel,Consumer Discretionary,23.02,6.6,19.23,1.2,7.57,20.5,32.9,7.79,0.94254,1.33,3.06,http://www.sec.gov/cgi-bin/browse-edgar?action=getcompany&CIK=MAT
CNP,CenterPoint Energy,Utilities,17.98,5.48,14.74,1.22,10.57,17.48,25.56,7.74,1.87,0.96,1.72,http://www.sec.gov/cgi-bin/browse-edgar?action=getcompany&CIK=CNP
UNM,Unum Group,Financials,31.39,2.34,20.56,1.53,34.53,29.81,38.15,7.74,0.7167,0.74,0.92,http://www.sec.gov/cgi-bin/browse-edgar?action=getcompany&CIK=UNM
KLAC,KLA-Tencor Corp,Information Technology,48.63,4.13,21.71,2.24,2.67,44.95,84.21,7.66,0.77768,2.75,18.43,http://www.sec.gov/cgi-bin/browse-edgar?action=getcompany&CIK=KLAC
OKE,ONEOK,Energy,36.6001,6.77,26.1056,1.402,2.476,31.43,67.11,7.66,1.39,0.7711,14.7375,http://www.sec.gov/cgi-bin/browse-edgar?action=getcompany&CIK=OKE
VAR,Varian Medical Systems,Health Care,77.2,0,18.73,4.12,17.37,76.73,96.67,7.62,0.65873,2.51,4.52,http://www.sec.gov/cgi-bin/browse-edgar?action=getcompany&CIK=VAR
FTI,FMC Technologies,Energy,32.99,,13.03,2.53,11.3,27.94,57.87,7.57,1.23,1.01,2.94,http://www.sec.gov/cgi-bin/browse-edgar?action=getcompany&CIK=FTI
ETFC,E Trade Financial,Financials,26.05,,16.58,1.57,19.69,18.2,31.48,7.56,0,4.33,1.35,http://www.sec.gov/cgi-bin/browse-edgar?action=getcompany&CIK=ETFC
SCG,SCANA Corp,Utilities,52.62,4.16,10.04,5.24,37.45,47.77,65.57,7.52,1.53,1.61,1.41,http://www.sec.gov/cgi-bin/browse-edgar?action=getcompany&CIK=SCG
NWSA,News Corporation,Consumer Discretionary,12.899,1.55,,-0.26,20.54,12.67,17.55,7.49,0.786,0.87,0.63,http://www.sec.gov/cgi-bin/browse-edgar?action=getcompany&CIK=NWSA
GAS,AGL Resources,Utilities,61.31,3.37,19.63,3.12,32.88,46.36,63.37,7.36,1.22,1.67,1.87,http://www.sec.gov/cgi-bin/browse-edgar?action=getcompany&CIK=GAS
LUK,Leucadia National,Financials,20.05,1.23,17.27,1.16,29.06,19.93,25.39,7.35,1.74,0.59,0.69,http://www.sec.gov/cgi-bin/browse-edgar?action=getcompany&CIK=LUK
XRAY,DENTSPLY International,Health Care,52.05,0.55,27.8,1.87,16.56,43.83,57.61,7.28,0.57269,2.67,3.21,http://www.sec.gov/cgi-bin/browse-edgar?action=getcompany&CIK=XRAY
QRVO,Qorvo,Information Technology,48.66,,34.51,1.41,41.35,45,88.35,7.28,0.57951,3.61,1.21,http://www.sec.gov/cgi-bin/browse-edgar?action=getcompany&CIK=QRVO
AES,AES Corp,Utilities,10.62,3.66,8.34,1.27,5.66,10.62,14.56,7.25,3.98,0.45,1.9,http://www.sec.gov/cgi-bin/browse-edgar?action=getcompany&CIK=AES
CMA,Comerica,Financials,40.68,2.08,13.2,3.08,42.17,40.09,53.45,7.24,0,2.88,0.98,http://www.sec.gov/cgi-bin/browse-edgar?action=getcompany&CIK=CMA
TMK,Torchmark Corp,Financials,56.67,0.95,13.94,4.06,34.38,49.71,63.26,7.09,0.84005,1.8,1.67,http://www.sec.gov/cgi-bin/browse-edgar?action=getcompany&CIK=TMK
PCL,Plum Creek Timber,Financials,40.36,4.39,36.99,1.09,8.77,36.95,45.26,7.05,0.485,4.51,4.63,http://www.sec.gov/cgi-bin/browse-edgar?action=getcompany&CIK=PCL
HAR,Harman International,Consumer Discretionary,97,1.39,20.04,4.84,33.34,84.41,149.12,6.9,0.70334,1.16,3.02,http://www.sec.gov/cgi-bin/browse-edgar?action=getcompany&CIK=HAR
ARG,Airgas,Materials,92.09,2.58,19.07,4.83,28.46,91.91,119,6.87,0.97654,1.31,3.29,http://www.sec.gov/cgi-bin/browse-edgar?action=getcompany&CIK=ARG
PHM,PulteGroup,Consumer Discretionary,19.47,1.56,13.95,1.4,12.98,16.56,23.36,6.87,0.78716,1.22,1.56,http://www.sec.gov/cgi-bin/browse-edgar?action=getcompany&CIK=PHM
PNW,Pinnacle West Capital,Utilities,61.87,3.85,17.74,3.49,39.64,54.13,73.31,6.86,1.31,1.99,1.57,http://www.sec.gov/cgi-bin/browse-edgar?action=getcompany&CIK=PNW
GRMN,Garmin Ltd,Consumer Discretionary,35.75,5.63,25.57,1.4,16.8,35.35,60.19,6.83,0.70755,2.43,2.17,http://www.sec.gov/cgi-bin/browse-edgar?action=getcompany&CIK=GRMN
AN,AutoNation,Consumer Discretionary,59.68,,15.39,3.88,20.15,46.16,67.5,6.77,0.981,0.34,3.02,http://www.sec.gov/cgi-bin/browse-edgar?action=getcompany&CIK=AN
RHI,Robert Half International,Industrials,50.48,1.57,20.18,2.5,7.66,45.3,63.27,6.69,0.6003,1.38,6.69,http://www.sec.gov/cgi-bin/browse-edgar?action=getcompany&CIK=RHI
SNI,Scripps Networks Interact,Consumer Discretionary,51.3,1.74,11.92,4.3,10.76,51.2,82.78,6.59,1.23,2.5,4.88,http://www.sec.gov/cgi-bin/browse-edgar?action=getcompany&CIK=SNI
WYNN,Wynn Resorts,Consumer Discretionary,64.51,2.92,20.94,3.08,-2.06,63.95,192.45,6.53,1.26,1.45,,http://www.sec.gov/cgi-bin/browse-edgar?action=getcompany&CIK=WYNN
URI,United Rentals,Industrials,66.45,,11.46,5.8,15.22,56.66,119.35,6.34,1.81,1.1,4.44,http://www.sec.gov/cgi-bin/browse-edgar?action=getcompany&CIK=URI
TE,TECO Energy,Utilities,26.665,3.38,69.08,0.386,10.86,16.98,26.87,6.27,0.8934,2.28,2.46,http://www.sec.gov/cgi-bin/browse-edgar?action=getcompany&CIK=TE
IRM,Iron Mountain,Financials,29.4099,6.33,56.1258,0.524,3.362,26.49,41.53,6.2,0.91113,2.0515,8.8846,http://www.sec.gov/cgi-bin/browse-edgar?action=getcompany&CIK=IRM
FLR,Fluor Corp,Industrials,42.7,1.94,11.37,3.76,21.44,41.88,69.69,6.19,1.35,0.31,2.03,http://www.sec.gov/cgi-bin/browse-edgar?action=getcompany&CIK=FLR
POM,Pepco Holdings,Utilities,23.23,4.61,26.7,0.87,17.04,21.61,27.65,5.89,1.27,1.19,1.36,http://www.sec.gov/cgi-bin/browse-edgar?action=getcompany&CIK=POM
RRC,Range Resources,Energy,35.46,0.5,17.77,2,20.36,32.82,74.64,5.89,1.34,3.85,1.76,http://www.sec.gov/cgi-bin/browse-edgar?action=getcompany&CIK=RRC
XYL,Xylem,Industrials,32.305,1.75,17.35,1.862,11.46,29.9,39.23,5.86,0.609,1.574,2.847,http://www.sec.gov/cgi-bin/browse-edgar?action=getcompany&CIK=XYL
LEG,Leggett & Platt,Consumer Discretionary,42.73,2.94,27.98,1.53,8.04,32.64,51.28,5.85,0.4808,1.53,5.43,http://www.sec.gov/cgi-bin/browse-edgar?action=getcompany&CIK=LEG
AIV,Apartment Investment & Mgmt,Financials,36.38,3.31,17.56,2.07,9.4,31.51,41.55,5.69,0.54794,6.02,3.89,http://www.sec.gov/cgi-bin/browse-edgar?action=getcompany&CIK=AIV
FTR,Frontier Communications,Telecommunication Services,4.86,8.42,,-0.03,5.18,4.19,8.46,5.68,2.19,1.11,0.95,http://www.sec.gov/cgi-bin/browse-edgar?action=getcompany&CIK=FTR
NI,NiSource,Utilities,17.34,3.56,13.24,1.31,20.48,14.77,19.32,5.51,1.72,0.91,0.85,http://www.sec.gov/cgi-bin/browse-edgar?action=getcompany&CIK=NI
FLS,Flowserve Corp,Industrials,41,1.72,14.33,2.86,13.34,40.48,73.19,5.47,0.83993,1.16,3.1,http://www.sec.gov/cgi-bin/browse-edgar?action=getcompany&CIK=FLS
CHK,Chesapeake Energy,Energy,8.23,0,,-33.88,8.89,6.01,24.52,5.46,5.01,0.34,0.97,http://www.sec.gov/cgi-bin/browse-edgar?action=getcompany&CIK=CHK
SWN,Southwestern Energy,Energy,14.23,0,,-0.66,16.27,14.07,37.26,5.44,2.07,1.53,0.88,http://www.sec.gov/cgi-bin/browse-edgar?action=getcompany&CIK=SWN
NFX,Newfield Exploration,Energy,33.26,,,-5.71,20.21,22.31,40.27,5.36,2.1,2.82,1.67,http://www.sec.gov/cgi-bin/browse-edgar?action=getcompany&CIK=NFX
AVY,Avery Dennison Corp,Materials,57.82,2.5,20.05,2.88,11.98,40.58,64.81,5.29,0.6896,0.86,4.9,http://www.sec.gov/cgi-bin/browse-edgar?action=getcompany&CIK=AVY
NRG,NRG Energy,Utilities,15.97,3.23,59.15,0.27,28.38,15.65,33.92,5.28,3.15,0.34,0.58,http://www.sec.gov/cgi-bin/browse-edgar?action=getcompany&CIK=NRG
ADT,ADT Corp (The),Industrials,30.9,2.8,18.14,1.7,17.95,29.61,42.88,5.25,1.8,1.51,1.76,http://www.sec.gov/cgi-bin/browse-edgar?action=getcompany&CIK=ADT
PKI,PerkinElmer,Health Care,46.05,0.59,31.98,1.44,18.71,38.96,54.45,5.22,0.35006,2.37,2.5,http://www.sec.gov/cgi-bin/browse-edgar?action=getcompany&CIK=PKI
TGNA,TEGNA,Consumer Discretionary,22.97,2.41,5.2,4.42,14.87,22.06,38.48,5.2,1.5,0.87,1.59,http://www.sec.gov/cgi-bin/browse-edgar?action=getcompany&CIK=TGNA
RIG,Transocean Ltd,Energy,14.195,0,,-8.526,36.694,11.26,33.73,5.16,3.43,0.633,0.391,http://www.sec.gov/cgi-bin/browse-edgar?action=getcompany&CIK=RIG
HP,Helmerich & Payne,Energy,47.67,5.58,8.52,5.59,46.64,47.02,100.22,5.14,1.52,1.45,1.03,http://www.sec.gov/cgi-bin/browse-edgar?action=getcompany&CIK=HP
AIZ,Assurant,Financials,75.75,2.65,19.79,3.83,72.06,59.73,80.08,5.06,0.62933,0.48,1.06,http://www.sec.gov/cgi-bin/browse-edgar?action=getcompany&CIK=AIZ
PWR,Quanta Services,Industrials,24.47,,20.44,1.2,20.37,21.35,37.11,5,0.65043,0.63,1.22,http://www.sec.gov/cgi-bin/browse-edgar?action=getcompany&CIK=PWR
FMC,FMC Corp,Materials,36.82,1.75,5.94,6.2,16.24,36.72,64.72,4.92,0.8074,1.24,2.31,http://www.sec.gov/cgi-bin/browse-edgar?action=getcompany&CIK=FMC
MUR,Murphy Oil,Energy,27.03,5.1,9,3,45.53,25.77,58.4,4.67,2.29,1.16,0.61,http://www.sec.gov/cgi-bin/browse-edgar?action=getcompany&CIK=MUR
HCBK,Hudson City Bancorp,Financials,9.28,1.72,39.49,0.23,9.62,8.53,10.77,4.65,0,9.97,0.99,http://www.sec.gov/cgi-bin/browse-edgar?action=getcompany&CIK=HCBK
PBCT,People's United Financial,Financials,15.275,4.4,18.628,0.82,15.51,13.61,16.95,4.61,0,3.839,0.998,http://www.sec.gov/cgi-bin/browse-edgar?action=getcompany&CIK=PBCT
JEC,Jacobs Engineering Group,Industrials,37.17,,13.28,2.8,35.06,36.82,51.59,4.6,0.8402,0.38,1.08,http://www.sec.gov/cgi-bin/browse-edgar?action=getcompany&CIK=JEC
LM,Legg Mason,Financials,41.81,1.8,18.48,2.26,41.06,40.6,59.19,4.59,0.5885,1.66,1.05,http://www.sec.gov/cgi-bin/browse-edgar?action=getcompany&CIK=LM
NAVI,Navient Corp,Financials,12.205,5.06,4.52,2.7,10.504,11.79,22.71,4.57,0,1.876,1.204,http://www.sec.gov/cgi-bin/browse-edgar?action=getcompany&CIK=NAVI
FSLR,First Solar,Information Technology,44.36,,14.35,3.09,49.97,39.18,69.2,4.48,0.52118,1.4,0.9,http://www.sec.gov/cgi-bin/browse-edgar?action=getcompany&CIK=FSLR
PDCO,PattersonCompanies,Health Care,44.75,1.96,22.01,2.03,15.23,39.28,53.07,4.45,0.44047,0.98,2.97,http://www.sec.gov/cgi-bin/browse-edgar?action=getcompany&CIK=PDCO
THC,Tenet Healthcare,Health Care,43.795,0,78.627,0.557,8.085,41.47,63.23,4.36,2.19,0.248,5.414,http://www.sec.gov/cgi-bin/browse-edgar?action=getcompany&CIK=THC
GME,GameStop Corp,Consumer Discretionary,41.15,3.41,11.27,3.65,18.58,31.69,47.83,4.34,0.82,0.47,2.25,http://www.sec.gov/cgi-bin/browse-edgar?action=getcompany&CIK=GME
R,Ryder System,Industrials,78.89,2.03,18.04,4.37,35.85,75.56,100.64,4.21,1.7,0.66,2.26,http://www.sec.gov/cgi-bin/browse-edgar?action=getcompany&CIK=R
PBI,Pitney Bowes,Industrials,19.955,3.64,9.493,2.102,0.946,18.59,25.68,4.03,0.84529,1.116,21.607,http://www.sec.gov/cgi-bin/browse-edgar?action=getcompany&CIK=PBI
TDC,Teradata Corp,Information Technology,28.3,,,-0.21,8.38,27.7,47.03,4.01,0.486,1.55,3.44,http://www.sec.gov/cgi-bin/browse-edgar?action=getcompany&CIK=TDC
FLIR,FLIR Systems,Information Technology,27.82,1.55,17.7,1.57,11.69,26.34,34.46,3.9,0.35066,2.57,2.42,http://www.sec.gov/cgi-bin/browse-edgar?action=getcompany&CIK=FLIR
DNB,Dun & Bradstreet,Industrials,104.4901,1.76,19.7337,5.295,-34.015,100.02,137.25,3.77,0.4361,2.2669,,http://www.sec.gov/cgi-bin/browse-edgar?action=getcompany&CIK=DNB
URBN,Urban Outfitters,Consumer Discretionary,29.19,,17.09,1.71,9.84,27.89,47.25,3.62,0.49061,1.08,3.04,http://www.sec.gov/cgi-bin/browse-edgar?action=getcompany&CIK=URBN
ESV,ENSCO Plc,Energy,15.19,3.88,,-10.56,37.12,14.2,44.02,3.58,2.41,0.8,0.42,http://www.sec.gov/cgi-bin/browse-edgar?action=getcompany&CIK=ESV
OI,Owens-Illinois,Materials,21.68,,,-0.18,6.11,19.41,27.59,3.49,0.93,0.56,3.62,http://www.sec.gov/cgi-bin/browse-edgar?action=getcompany&CIK=OI
FOSL,Fossil Group,Consumer Discretionary,58.37,,8.47,6.89,17.25,56.01,115.2,2.81,0.62821,0.83,3.4,http://www.sec.gov/cgi-bin/browse-edgar?action=getcompany&CIK=FOSL
CNX,CONSOL Energy,Energy,12.15,0.31,,-1.97,20.44,11.46,42.26,2.78,0.85361,0.94,0.63,http://www.sec.gov/cgi-bin/browse-edgar?action=getcompany&CIK=CNX
DO,Diamond Offshore Drilling,Energy,19.95,2.48,,-0.11,31.04,19.39,40.74,2.74,1.1,1.05,0.65,http://www.sec.gov/cgi-bin/browse-edgar?action=getcompany&CIK=DO
NE,Noble Corp,Energy,11.2401,13.08,,-0.585,27.403,10.52,24.05,2.72,1.65,0.8753,0.4156,http://www.sec.gov/cgi-bin/browse-edgar?action=getcompany&CIK=NE
GNW,Genworth Financial,Financials,4.758,0,,-3.31,27.545,4.23,14.1,2.37,0.0175,0.255,0.178,http://www.sec.gov/cgi-bin/browse-edgar?action=getcompany&CIK=GNW
QEP,QEP Resources,Energy,12.86,0.61,3.25,3.96,22.34,11.2,31.49,2.27,1.56,0.81,0.58,http://www.sec.gov/cgi-bin/browse-edgar?action=getcompany&CIK=QEP
ATI,Allegheny Technologies,Materials,16.07,4.17,120.83,0.13,23.66,16.05,42.13,1.75,0.3144,0.43,0.71,http://www.sec.gov/cgi-bin/browse-edgar?action=getcompany&CIK=ATI
JOY,Joy Global,Industrials,16.91,4.63,6.81,2.48,28.15,16.66,57.71,1.65,0.5444,0.49,0.61,http://www.sec.gov/cgi-bin/browse-edgar?action=getcompany&CIK=JOY
BRK-B,Berkshire Hathaway,Financials,129.02,,17.72,7.28,149697.16,125.5,152.94,0.21198,36.76,0,0,http://www.sec.gov/cgi-bin/browse-edgar?action=getcompany&CIK=BRK-B
